battery_power,blue,clock_speed,dual_sim,fc,four_g,int_memory,m_dep,mobile_wt,n_cores,pc,px_height,px_width,ram,sc_h,sc_w,talk_time,three_g,touch_screen,wifi,price_range
3674,1,1.5,0,12,1,98,1.0,180,3,4,622,1540,2878,8.4,12.1,9,0,1,0,0
1360,1,0.8,0,4,0,110,0.6,176,3,17,1872,1227,1987,14.2,5.7,18,1,1,0,2
1794,0,2.9,1,2,1,79,0.8,88,1,15,1207,1615,282,11.5,5.7,14,0,0,0,1
1630,1,2.5,1,4,0,122,0.4,91,6,7,829,982,1750,6.1,4.9,8,1,1,1,2
1595,0,1.1,1,2,0,58,0.4,148,4,19,1932,1042,348,12.3,7.5,10,1,1,0,1
3592,1,2.0,1,8,0,9,0.5,107,5,10,1490,1728,2920,15.5,13.2,13,0,1,1,2
2138,1,3.0,0,8,1,73,0.7,135,1,9,822,1430,564,12.7,12.9,15,1,0,0,2
2669,1,2.7,0,5,1,28,0.7,178,3,11,1634,899,307,18.1,7.6,15,1,0,1,3
966,0,2.0,1,0,0,63,0.4,189,4,20,1269,1730,574,9.3,10.1,16,0,1,0,3
1738,1,2.8,0,6,1,13,0.2,156,7,5,1612,1118,2248,6.3,11.6,4,1,1,1,3
830,1,3.0,1,6,0,66,0.7,182,5,19,932,1669,436,19.0,5.9,16,0,1,1,0
1982,0,2.4,1,9,0,108,0.2,185,2,4,1209,1378,1848,10.7,5.0,20,1,0,0,3
2635,1,0.7,0,9,0,105,0.6,188,4,8,1293,600,3447,13.6,14.7,15,1,0,0,3
3944,0,1.5,1,3,0,43,0.7,191,5,15,1211,1379,3178,16.9,10.4,9,0,0,1,2
3671,1,2.6,1,7,1,63,0.7,137,1,13,1622,1329,3370,9.9,14.8,6,0,0,0,2
3419,0,1.1,0,5,0,116,0.8,157,2,7,1038,1764,902,15.7,7.1,20,0,0,1,0
630,0,2.6,1,3,0,12,0.9,154,5,19,1100,1258,2217,7.0,11.4,5,0,0,1,1
2185,1,0.8,1,3,1,104,0.5,121,5,18,1669,662,1539,9.4,5.7,15,0,1,1,2
3880,0,0.6,0,1,0,44,0.8,245,8,13,756,1696,2500,7.2,6.1,17,0,0,0,2
1269,0,1.5,1,1,0,96,0.7,147,8,6,1712,1001,2948,17.2,9.1,7,1,1,1,1
2891,0,0.6,0,11,1,18,0.3,112,8,4,1763,1046,3274,8.3,6.8,7,0,0,1,0
2015,0,2.9,1,3,1,98,0.1,150,3,17,1370,1807,2558,15.8,5.0,4,1,1,1,2
3985,0,2.6,0,4,1,33,0.4,135,6,1,1398,1882,2280,19.1,6.2,16,0,0,1,3
3353,0,2.5,0,7,0,123,0.5,184,4,10,1308,880,3035,12.9,3.4,4,1,1,0,0
2933,1,2.1,0,5,1,94,0.7,180,3,7,1176,1369,591,13.1,11.5,12,1,1,0,1
1715,0,1.0,1,3,1,86,0.9,130,7,0,770,1404,1832,11.9,8.9,4,0,1,1,1
1455,0,1.8,0,12,0,86,0.3,153,2,11,1049,1686,1781,9.9,4.1,11,1,0,0,3
2824,1,2.0,0,10,0,41,0.2,250,6,1,1637,1501,1245,12.1,5.1,19,1,0,0,3
1684,1,1.8,0,6,0,24,1.0,200,5,17,1862,1108,3203,14.0,4.2,2,1,0,1,3
959,1,1.2,0,7,0,57,0.2,222,3,6,1067,806,1534,19.8,10.4,17,0,1,0,0
3885,1,1.8,0,1,0,7,0.5,245,8,16,1485,1862,769,19.1,4.1,17,0,1,0,1
521,1,1.7,1,11,1,87,0.6,222,6,13,858,554,2285,17.9,12.1,11,1,1,0,3
2800,1,3.0,1,6,1,51,0.6,84,7,6,1857,1482,4034,18.3,3.2,2,0,0,0,3
1247,1,2.7,1,1,1,103,0.2,162,4,2,1692,832,497,12.0,6.0,5,0,0,0,1
3404,0,1.7,1,1,0,38,0.2,130,7,5,1862,626,2452,14.9,13.7,4,1,1,0,2
974,0,2.1,1,7,0,110,0.2,89,2,19,1297,1204,1989,18.4,11.6,6,1,0,1,0
1582,1,2.4,1,1,0,65,0.6,219,1,1,1784,742,3626,10.9,3.9,13,0,0,0,2
3058,0,0.6,1,10,1,116,0.6,83,3,16,1386,1099,3060,19.4,12.9,13,0,0,1,3
2547,0,2.7,0,8,1,55,0.3,174,8,11,1722,1932,2923,11.2,8.9,14,0,0,1,0
3247,0,2.7,1,11,0,73,0.7,225,2,11,710,1002,2756,14.0,13.2,13,1,1,1,2
1475,1,1.6,0,0,1,106,0.8,159,1,16,786,1103,3720,15.6,10.2,17,0,0,0,1
2306,1,1.5,0,8,0,50,0.1,115,8,9,1242,802,2515,19.3,11.2,14,0,0,0,3
689,0,1.2,1,0,1,100,0.5,104,8,2,1995,1987,923,8.7,14.9,6,0,1,1,0
3505,1,1.7,0,9,1,116,0.7,177,8,19,1546,734,3865,16.2,5.8,5,1,1,1,0
3234,0,0.6,0,12,1,12,0.3,243,3,17,1632,1561,849,12.8,10.5,16,1,0,1,0
3505,0,2.6,0,9,0,89,0.4,180,2,12,795,638,3922,9.0,8.5,13,1,0,0,0
1062,0,0.6,0,1,1,50,0.7,88,8,11,505,694,2434,16.6,3.5,20,0,0,0,3
2399,0,1.3,1,5,1,22,0.9,140,7,16,1049,1146,3656,13.3,3.2,20,0,0,0,3
1767,1,2.8,1,5,0,116,0.8,132,2,3,1180,500,2915,14.9,4.4,12,1,1,1,1
3379,1,2.3,1,0,1,67,0.6,225,6,9,1294,1060,511,9.8,10.8,7,0,1,0,1
2028,1,1.2,1,6,0,64,0.8,250,7,10,702,1619,1758,12.2,9.8,10,0,1,0,1
3702,0,1.1,1,7,0,105,0.4,242,3,5,824,1212,816,14.3,9.6,2,0,0,1,2
1146,1,0.5,1,1,0,84,0.7,142,8,5,1324,912,2366,11.1,3.4,13,1,0,0,1
2568,0,2.2,1,7,0,104,0.5,200,2,8,743,1037,1590,8.0,8.6,15,0,1,1,3
3388,1,0.6,1,8,0,29,0.3,184,5,14,826,928,662,19.4,14.1,7,0,0,0,2
2714,0,1.8,1,5,1,124,0.7,83,3,1,1486,734,3105,12.7,7.8,2,1,1,1,3
1797,0,2.9,1,4,0,18,0.6,172,2,3,1570,848,3432,16.0,10.5,3,0,1,0,2
2935,0,0.8,0,11,0,7,0.4,248,6,4,1260,895,3944,11.2,12.4,12,1,1,1,1
1100,1,2.7,1,8,0,20,0.9,107,8,16,1536,1874,2116,10.3,12.4,4,0,1,0,1
2863,1,3.0,0,12,0,57,0.1,249,1,7,1406,915,2318,11.1,9.2,11,1,1,1,1
2561,1,0.7,0,11,1,103,0.4,159,8,7,1903,1415,1966,11.1,13.3,7,1,1,1,2
741,1,2.7,0,10,0,29,0.2,155,1,11,864,1574,514,13.2,7.7,7,0,1,0,3
2541,0,1.8,0,8,1,67,0.8,195,5,20,1865,580,978,13.2,13.7,3,0,0,0,0
3324,1,2.8,1,0,0,39,0.7,148,3,7,1744,535,3739,12.5,5.9,11,1,1,1,3
3917,1,1.9,0,10,1,120,0.4,177,6,18,572,1590,1538,7.0,6.4,7,0,1,0,1
3112,0,2.2,1,2,0,38,0.7,80,2,2,1569,1140,869,12.4,3.6,18,1,0,1,2
3445,0,1.9,1,8,0,116,0.5,246,2,17,773,1381,3587,7.5,12.5,15,0,1,1,2
1863,0,2.7,0,10,1,117,0.8,175,1,20,707,1256,1950,6.9,8.0,6,0,0,0,1
2639,1,2.3,1,1,0,69,0.5,96,6,18,623,1122,3372,19.0,5.7,18,0,1,0,2
1890,0,1.8,0,11,1,87,0.5,191,7,18,1533,967,2234,14.1,5.8,3,0,0,0,1
3503,0,2.7,0,3,0,91,0.9,170,5,14,1852,1665,1068,14.9,13.8,10,1,0,1,3
1978,0,1.1,1,3,1,50,0.3,167,1,5,1710,855,2042,11.0,13.0,13,1,0,1,2
3999,1,0.9,1,1,0,44,0.2,242,1,15,1042,1208,586,18.6,9.6,20,0,1,0,0
3056,0,0.9,0,2,0,37,0.6,249,5,7,559,1994,2468,14.6,10.4,8,0,0,1,2
1275,1,1.3,1,12,1,59,1.0,246,3,15,1398,1519,1472,16.5,8.7,10,0,1,1,1
534,1,1.1,1,2,0,14,0.4,169,2,17,1385,1401,1800,10.5,7.7,17,0,1,0,0
2753,0,2.8,1,0,0,53,0.2,128,3,19,1281,1172,3728,19.4,14.0,12,0,1,1,1
3652,0,0.8,0,5,0,59,0.4,117,6,15,941,938,1653,17.3,4.5,13,1,1,1,2
2455,1,2.2,0,7,0,33,0.6,230,7,10,1740,1030,3392,17.8,8.0,16,1,1,1,0
2085,0,1.0,1,11,0,82,0.2,229,8,6,1410,626,642,7.6,7.1,19,0,1,0,0
3959,0,2.7,1,2,0,106,0.7,211,4,16,1525,704,1774,9.1,9.0,20,1,1,0,2
3573,1,2.9,1,4,1,101,1.0,138,4,16,1331,528,2073,9.3,8.5,17,1,0,1,0
1521,1,1.7,1,0,1,120,0.5,147,4,11,1507,944,4020,9.1,9.2,16,0,1,0,3
3961,0,2.7,1,9,1,61,0.4,209,5,12,1879,1465,3742,17.8,4.7,6,1,1,1,0
3113,1,0.5,0,6,0,111,0.5,128,1,9,1125,963,2073,5.5,9.2,12,1,0,0,0
1629,0,2.5,1,9,1,84,0.2,205,7,6,1688,1803,2070,6.1,5.9,16,1,1,1,3
2000,0,1.1,0,12,0,59,0.9,238,3,13,1497,650,3357,9.1,5.2,19,1,0,1,1
1202,0,2.8,1,0,0,125,0.5,190,8,0,1233,739,3593,8.0,3.8,14,0,0,1,1
2949,1,0.5,0,11,0,100,0.4,247,2,16,590,765,2631,8.5,12.2,5,1,1,1,3
3277,0,1.9,1,10,0,111,0.7,127,4,3,666,1628,1771,17.0,8.1,18,1,1,0,0
2079,0,2.4,0,8,1,105,0.5,130,3,20,1458,1956,1496,13.4,10.5,5,1,0,1,2
661,0,1.1,1,7,0,57,0.7,122,4,4,706,1412,575,5.1,11.7,17,0,1,1,3
701,1,1.0,0,6,1,124,0.2,177,7,19,1805,996,654,11.4,11.2,16,1,0,0,2
2481,1,0.7,0,9,0,29,0.8,203,4,6,1588,1963,2170,11.1,8.6,15,1,0,0,1
1495,1,1.3,0,6,1,2,0.9,159,2,9,1015,1184,360,6.7,7.7,13,1,1,1,3
2817,1,1.9,0,4,1,43,0.7,190,8,16,1680,657,951,15.1,7.5,4,0,0,1,2
1315,1,0.8,0,4,1,83,1.0,222,6,6,1246,671,3320,15.5,10.7,11,0,1,0,0
3842,0,1.4,0,10,1,49,0.2,106,6,0,805,993,585,15.8,8.9,9,0,1,1,3
955,1,0.5,1,12,1,41,0.5,237,7,6,894,1469,915,15.9,13.2,7,0,0,1,2
1775,1,2.5,0,4,1,98,0.6,243,6,10,1597,1834,3944,5.0,13.5,15,0,0,1,3
1516,1,0.8,1,0,0,64,0.6,192,5,8,686,1926,3374,19.3,5.0,18,1,1,1,3
2843,0,1.2,1,7,1,77,0.5,165,1,11,1860,1175,2902,17.2,4.6,20,0,1,1,1
3267,1,0.5,1,11,0,73,0.4,193,5,2,1122,1158,1076,18.6,10.6,17,1,1,1,1
837,1,1.6,1,10,1,89,0.2,203,3,3,1229,1402,2228,5.2,6.6,16,0,0,1,0
1378,0,2.6,1,0,0,81,0.5,128,5,3,739,1165,2944,19.0,3.2,16,0,1,1,1
1576,1,1.5,0,3,1,115,0.2,155,3,12,1032,1986,2049,17.1,13.7,2,0,0,1,1
1291,0,0.9,0,8,1,5,0.8,134,3,18,640,866,2617,17.6,5.7,13,1,0,0,1
2764,0,2.4,0,8,0,39,0.3,135,1,9,1788,1049,3474,6.4,14.2,11,1,0,0,2
1263,0,2.5,1,4,1,109,0.2,174,2,4,638,1142,717,16.1,11.6,15,1,1,0,3
2735,0,0.9,0,3,1,28,0.6,123,8,6,958,754,1863,19.4,12.2,11,0,0,1,1
879,0,2.4,0,2,1,10,0.6,238,7,15,569,707,2789,15.2,5.4,11,0,1,1,2
992,1,2.9,0,2,0,112,0.9,166,1,0,884,949,1931,13.6,5.8,12,0,0,1,3
3612,0,0.9,0,11,1,17,0.6,163,7,11,1129,594,2713,19.2,9.3,17,0,1,0,1
1680,0,2.4,0,4,0,57,0.4,230,6,1,697,1338,2330,11.6,5.1,10,0,1,0,1
2562,1,2.3,1,9,1,77,0.8,235,6,6,704,977,3356,14.0,6.7,16,0,0,1,3
564,0,1.7,0,0,1,32,0.6,95,5,10,1067,1182,526,12.1,6.9,15,1,1,0,2
3068,1,0.6,1,4,0,89,0.2,244,3,12,1481,1261,2989,19.0,4.9,20,1,0,0,2
1867,1,0.7,1,5,1,120,0.6,228,4,1,1304,689,2804,6.1,5.5,10,0,0,1,0
1652,1,2.6,1,6,1,15,0.9,224,4,6,1358,1210,3580,12.5,12.5,5,1,0,1,3
2527,0,3.0,1,11,0,110,0.5,116,7,14,1381,1255,640,15.3,5.0,8,1,0,0,0
3195,0,2.2,1,8,1,26,0.4,156,3,10,1473,1946,315,16.9,3.3,9,1,0,1,2
1995,0,1.6,0,2,0,128,0.2,226,7,1,1139,1335,1386,13.7,10.6,9,0,0,0,1
3634,1,2.1,0,1,0,35,0.2,237,1,6,1954,632,475,18.6,14.7,20,0,0,0,0
1662,0,2.0,0,2,0,68,0.5,124,2,3,824,554,1720,19.1,7.0,16,0,1,0,2
2022,0,1.5,1,11,1,123,0.6,225,8,10,941,1009,3074,6.0,4.4,17,0,0,1,2
3140,0,0.7,0,8,0,25,0.2,141,1,1,1303,1169,2162,11.0,9.8,10,1,0,0,1
891,1,2.6,0,11,0,127,0.9,243,3,15,787,909,3985,5.4,13.9,13,0,1,0,3
2198,1,1.4,1,6,1,119,0.8,179,3,6,725,1734,2867,9.9,12.4,17,0,1,1,2
918,0,2.5,1,8,0,107,0.6,131,2,12,1587,1816,1851,13.1,10.5,5,0,0,1,0
2836,0,1.1,1,12,1,74,0.8,98,7,4,1466,1486,2849,18.7,6.8,6,1,0,0,1
878,0,0.5,1,1,1,27,0.2,188,5,16,1437,1233,351,17.7,9.5,9,1,0,1,3
2296,0,0.9,0,4,1,21,0.5,123,5,20,1059,1638,1244,6.9,4.1,2,1,1,1,3
2778,1,1.7,1,12,1,65,0.7,86,2,11,1213,758,1368,6.4,11.1,7,1,0,0,3
3565,1,2.9,1,3,0,105,0.8,196,5,18,997,1645,3131,13.8,11.7,16,1,1,1,2
2588,1,0.8,0,1,0,11,0.8,147,4,6,1348,798,2201,13.0,14.6,5,0,0,0,3
3599,1,2.6,0,8,0,84,0.3,113,5,5,1425,1904,2534,9.0,6.1,12,1,0,1,2
2682,0,1.8,1,8,0,68,0.9,148,5,7,559,1060,1223,18.5,3.2,6,1,1,1,1
700,0,2.6,0,5,0,25,0.2,134,5,12,1920,796,2578,18.9,9.5,19,0,0,0,1
2363,0,1.2,1,10,1,6,0.9,89,4,4,756,861,501,11.0,11.5,16,0,0,0,3
1279,1,2.6,1,5,0,68,1.0,121,7,1,1076,1088,2414,18.4,12.5,19,0,0,1,1
3477,0,2.4,0,7,0,59,0.3,120,5,8,738,1986,489,10.8,5.3,14,1,1,1,0
3604,1,1.1,0,5,0,28,0.7,201,6,10,537,1961,3605,16.1,6.1,6,0,0,1,0
3619,1,0.8,1,0,1,81,0.1,217,4,5,524,626,3804,12.1,9.2,2,1,0,0,2
1002,0,2.7,1,3,1,114,0.5,89,2,6,909,696,2720,6.8,7.0,19,0,1,1,3
2954,0,2.9,1,12,0,16,0.6,181,1,6,960,720,2981,18.9,13.3,15,1,1,0,2
2251,0,0.6,0,6,1,36,0.6,207,2,18,1487,1494,1407,11.8,8.7,6,1,0,1,1
1304,1,2.3,1,12,0,77,0.9,228,1,5,1940,590,1516,16.0,12.6,7,1,0,1,3
2646,0,2.8,1,12,0,106,0.7,215,8,10,856,910,1058,10.5,10.0,17,1,1,1,2
3231,1,2.6,1,1,1,54,0.5,171,2,10,882,507,2922,5.3,12.3,13,0,0,1,3
2395,0,2.9,1,8,1,45,0.8,192,6,6,1681,1043,3455,6.5,7.0,19,0,0,1,3
3273,1,2.4,1,7,0,27,1.0,157,1,1,1068,967,3010,12.4,13.0,3,1,1,0,2
2070,1,1.6,0,7,0,48,0.1,164,1,18,1956,819,3154,15.3,6.3,14,0,0,0,3
1460,0,1.3,1,6,1,35,1.0,109,3,3,1571,1917,1673,10.0,9.6,18,1,0,0,1
3160,1,1.3,1,3,0,88,0.2,128,1,5,1851,768,2778,15.4,5.6,18,0,1,1,0
1985,1,2.3,1,1,1,96,0.8,88,1,16,932,1714,910,15.5,8.7,17,0,0,0,0
3190,0,2.4,1,2,0,51,0.4,224,3,4,1954,560,2698,15.6,6.8,19,1,0,0,3
1528,1,1.0,0,11,1,85,0.2,148,5,6,555,1961,366,12.4,6.2,9,1,0,1,0
3789,0,2.7,0,5,0,13,0.5,137,5,8,1076,1787,345,18.7,14.6,4,0,1,1,3
1002,1,2.3,0,11,0,88,0.7,141,3,0,767,1296,1018,12.3,4.9,18,1,0,0,2
3314,0,1.9,1,11,1,5,0.4,131,4,0,568,1618,1559,11.8,12.4,19,0,1,0,1
897,0,1.7,1,4,0,88,0.1,119,8,18,1401,1052,1612,8.0,14.8,7,0,1,0,0
1370,1,1.9,0,11,0,49,0.6,245,1,5,1972,1425,3551,9.6,3.2,9,0,0,0,2
3342,1,0.9,0,7,1,56,0.9,250,1,17,1292,1993,3428,5.6,11.4,14,1,1,0,1
892,1,1.0,0,5,0,113,0.4,142,3,9,756,1160,2435,14.5,6.0,9,1,0,0,0
706,1,0.7,1,5,0,2,0.3,226,3,10,1171,1215,1292,8.7,3.5,20,0,0,0,0
1538,1,0.9,1,0,0,119,0.5,129,4,0,989,1278,2760,9.6,7.8,7,1,0,1,1
2381,0,1.6,0,3,1,90,0.1,240,6,0,1245,693,1720,16.6,14.2,16,1,1,0,2
3439,1,1.8,0,4,1,67,0.8,220,5,12,548,981,353,9.9,3.1,11,0,0,1,2
1984,0,0.5,0,11,1,31,0.8,157,2,4,815,1859,1399,8.6,10.1,18,1,0,1,0
1363,0,2.5,1,10,0,4,0.6,176,6,19,912,1958,548,7.5,9.0,2,1,0,1,1
3290,1,1.2,1,2,0,123,0.4,122,7,0,933,1719,2095,16.6,13.5,8,0,1,0,2
3812,0,2.8,1,12,0,22,0.8,115,5,19,1525,1354,1990,6.9,4.0,14,1,1,0,1
1063,0,2.9,0,8,0,90,0.6,201,1,2,1668,1772,1280,11.8,11.2,4,0,0,1,1
1520,0,1.0,0,0,1,85,0.8,187,7,17,1889,997,2875,12.6,11.2,20,1,0,0,0
595,0,1.7,1,5,0,50,0.7,89,6,8,919,711,2553,15.3,11.0,16,1,0,0,1
2423,1,0.5,0,5,0,117,0.8,174,3,13,1343,1164,907,14.5,14.3,6,0,0,1,1
2257,0,2.0,1,9,0,87,0.6,85,4,16,1967,1169,2452,17.2,12.9,12,0,1,0,3
3032,1,2.0,0,4,1,86,0.5,136,5,13,1415,1989,3722,5.7,3.5,19,1,1,1,1
3978,1,1.1,0,11,0,63,1.0,208,4,3,933,720,2347,9.4,8.7,4,0,1,1,2
2778,0,1.9,0,4,0,126,0.6,150,7,4,1142,772,2162,9.2,7.8,7,0,1,1,0
3296,1,1.1,0,9,0,98,0.6,100,5,20,556,1677,1977,7.2,6.7,4,1,1,1,0
2178,1,0.9,1,12,0,117,0.3,171,8,16,1463,1772,3947,9.3,8.4,6,0,1,0,1
3742,1,2.1,0,4,0,39,0.7,206,8,1,1476,778,1323,9.6,7.6,10,1,1,1,1
1040,0,1.3,1,5,1,126,0.6,159,6,4,1701,1963,3405,12.8,8.2,20,1,0,0,2
1559,1,2.0,1,7,0,16,0.3,135,1,3,1816,1315,3553,15.0,14.8,14,0,0,0,3
3072,1,1.6,1,1,0,123,0.2,195,8,3,545,775,2465,10.7,4.1,7,1,0,0,0
1683,1,3.0,0,5,0,123,0.6,227,8,5,1693,1504,2072,15.8,14.1,12,0,0,0,3
2222,0,0.9,1,0,0,111,0.8,104,2,19,1794,1013,508,10.0,8.8,15,1,0,1,2
3814,1,1.7,1,3,0,53,0.6,235,4,20,916,1611,387,9.4,10.5,7,0,0,1,0
3657,0,2.2,1,9,0,80,0.3,84,4,12,1347,1422,3775,13.1,13.0,7,0,1,1,2
2319,0,1.5,0,2,0,47,0.7,199,8,4,638,1141,2163,5.4,7.3,18,1,0,1,1
3125,0,2.9,0,8,0,26,0.2,100,2,6,746,1004,2166,6.2,8.2,12,0,1,1,2
3229,0,2.3,1,2,0,22,0.5,97,4,19,1671,1089,2777,11.3,7.9,16,0,0,0,1
3104,0,2.1,0,5,0,89,0.2,136,4,0,729,1271,1935,19.1,7.5,10,0,1,1,3
2097,0,2.4,1,0,1,122,0.3,172,5,13,1291,1764,1388,15.8,14.1,18,1,1,0,0
3560,1,2.9,1,11,1,123,0.3,98,5,3,1136,1239,3009,6.3,12.9,8,1,0,0,0
3193,0,2.8,0,5,1,6,0.4,207,2,16,873,1174,1314,17.7,4.3,8,0,0,1,3
1295,1,2.3,1,3,1,71,0.1,176,7,20,1603,1759,3794,16.0,4.3,2,0,0,0,1
1551,1,2.4,0,7,0,114,0.5,210,1,13,1237,1513,2181,14.2,8.1,9,1,0,0,0
2143,0,0.9,0,12,1,108,0.6,249,6,15,1588,627,2578,17.3,4.2,6,1,0,1,2
1863,1,0.8,1,10,1,113,0.5,100,8,13,587,1002,442,11.1,10.4,20,1,1,1,1
2481,1,1.9,0,8,0,109,0.4,119,8,15,1611,1723,1204,8.3,4.7,9,0,0,1,0
1854,1,0.5,0,3,1,48,0.9,146,6,19,1212,1401,2546,12.7,9.3,18,1,1,0,2
2163,1,1.7,1,9,1,88,0.2,232,8,7,1727,1042,519,13.2,3.1,20,0,1,1,2
2029,0,1.0,1,11,0,69,0.6,206,8,2,1905,991,2253,13.1,6.8,13,1,1,1,0
2538,1,1.4,0,9,0,92,0.2,134,7,18,1100,1544,777,13.5,11.1,16,0,0,0,3
3919,0,2.4,0,5,0,19,0.2,188,4,0,1999,1757,3266,19.2,8.8,5,1,0,1,3
1996,1,2.9,1,0,1,22,0.6,177,1,1,1038,1213,4005,18.5,14.7,13,0,0,0,0
3802,1,0.7,0,3,1,93,0.6,191,8,14,713,1290,1820,18.1,13.5,14,1,0,0,2
2737,0,1.8,0,6,0,100,0.9,194,2,9,573,915,1038,17.0,7.3,15,1,0,1,3
3796,1,2.7,0,11,0,87,0.6,196,7,17,560,647,3414,19.2,3.5,6,0,0,0,3
1908,1,0.7,0,0,1,105,1.0,166,8,13,1197,1469,790,6.5,13.1,17,1,1,0,3
1900,1,2.6,0,7,0,24,0.1,160,2,16,1742,528,465,9.0,13.9,8,1,0,1,1
1806,0,1.4,0,11,1,65,0.2,145,5,12,511,1884,2349,12.4,12.8,16,1,1,1,3
3180,1,1.3,0,9,0,68,0.1,98,4,0,1313,807,3794,17.7,4.5,14,1,1,1,0
3175,0,2.9,1,11,0,41,0.3,214,3,4,1938,661,1819,12.6,15.0,17,0,0,0,0
1472,1,1.0,1,10,1,115,0.6,197,8,12,531,1368,281,16.2,6.1,13,0,0,0,1
2268,0,2.2,1,5,0,11,0.7,121,2,13,1683,1351,3593,7.1,11.7,8,1,0,1,1
1782,0,2.6,1,4,0,90,0.1,121,7,2,1500,560,430,8.8,13.9,17,0,0,1,0
3930,1,0.6,1,9,0,53,1.0,138,4,14,736,624,1795,16.0,5.8,14,0,0,1,1
1209,1,2.2,0,10,1,114,0.9,99,1,18,1704,1979,1590,7.5,13.9,4,0,0,0,3
1979,0,2.9,0,8,0,73,0.4,152,7,16,1057,1594,577,10.3,6.7,16,0,1,1,2
1934,0,0.8,0,1,0,120,0.2,96,5,2,1864,1337,1858,9.0,14.7,4,0,1,0,2
1148,1,2.7,0,4,0,76,0.3,106,6,15,1981,965,1414,10.2,6.4,8,1,1,1,2
817,0,2.0,1,5,0,62,0.2,81,8,13,1603,742,310,15.6,14.4,19,0,1,0,0
3796,1,2.0,0,6,0,65,0.2,142,1,11,1146,1744,1822,10.5,3.6,15,1,1,0,1
1757,1,2.0,0,4,0,6,0.6,141,2,11,1486,972,1865,13.3,11.5,19,0,1,1,2
1183,1,1.2,1,8,1,123,0.3,179,8,10,1319,1458,3858,6.5,9.4,20,1,0,0,3
1163,1,2.8,0,0,1,110,0.4,98,2,16,972,1032,3483,17.1,8.7,15,1,0,0,3
2498,0,2.9,0,6,0,54,1.0,96,1,7,611,993,2128,10.5,5.7,7,1,0,1,3
3945,1,2.1,1,9,1,56,0.7,148,2,16,1815,1398,2971,14.7,11.5,9,0,1,1,1
2131,0,2.5,0,6,1,38,1.0,246,7,20,882,581,2450,15.9,5.3,8,0,1,0,2
1995,1,2.0,0,3,0,57,0.2,196,4,19,516,1355,1764,8.1,9.6,19,1,1,0,3
3804,0,1.7,0,8,1,60,0.4,160,2,10,992,1378,2902,18.3,6.0,19,1,0,0,1
1636,1,2.2,0,11,1,110,0.6,118,5,1,1854,1422,2323,14.2,14.5,16,0,0,1,3
2353,0,1.9,0,10,1,103,0.2,115,4,9,1425,511,3596,11.4,3.3,20,0,0,0,2
2020,0,2.0,1,4,1,94,0.1,247,7,9,1929,1786,588,7.7,5.4,3,1,1,0,2
2989,1,2.5,1,3,1,70,0.7,211,8,10,616,948,1834,19.1,5.9,9,0,1,1,2
1063,1,1.7,1,12,1,74,0.7,232,3,5,1379,1715,1162,16.3,8.0,12,0,1,1,2
1791,1,0.6,1,6,1,60,0.5,237,8,3,614,1261,3247,8.1,5.8,19,0,0,1,2
3957,1,0.9,1,3,1,113,0.5,108,2,11,1313,1637,1166,10.1,8.9,14,0,1,1,3
3958,0,1.6,1,2,0,3,0.5,130,2,10,1143,525,656,17.1,13.5,10,0,0,1,2
3684,1,2.3,0,8,0,66,0.1,231,5,12,1859,1007,1205,15.4,11.5,10,0,0,0,3
2136,0,2.0,1,10,1,105,0.4,93,7,4,835,561,1585,16.5,10.0,18,1,0,0,2
3499,0,2.1,1,7,1,61,0.3,148,5,5,1421,728,2331,11.6,4.1,8,1,0,0,3
3652,1,1.7,0,0,0,52,0.2,225,6,0,646,1106,2770,15.7,11.3,10,1,0,1,2
1198,0,2.0,0,6,1,31,1.0,249,7,5,621,1558,3587,10.8,5.0,2,1,0,1,3
2660,0,1.3,1,8,1,12,0.6,136,1,17,580,1979,3861,8.2,12.4,3,1,0,1,2
501,0,1.7,0,7,0,93,0.8,91,1,8,1184,1390,3285,14.5,6.0,5,1,1,0,1
1141,0,2.4,1,7,0,109,0.4,96,1,14,1161,1260,2166,19.6,8.0,15,0,0,1,3
2767,1,2.7,0,12,0,77,0.5,109,5,7,874,1094,356,9.7,7.2,5,0,1,1,1
2089,1,1.6,1,5,1,40,0.3,167,1,18,562,1548,806,11.9,13.3,3,1,0,1,3
1354,1,0.6,0,10,1,91,0.2,178,7,15,1003,1555,3105,15.1,4.5,9,1,0,0,3
2259,1,0.9,0,3,0,78,0.3,102,1,5,1167,1535,2656,13.1,9.8,19,1,0,1,3
3796,0,0.6,1,7,0,124,0.8,208,3,5,948,1842,3627,17.7,4.7,20,0,1,1,0
2932,0,2.1,1,2,1,73,0.7,158,1,2,1951,500,1961,16.4,11.5,15,0,0,0,2
3974,1,1.3,1,12,0,64,0.6,111,2,9,1367,1958,2599,5.9,13.9,11,0,0,1,1
2161,1,1.9,1,8,1,65,0.5,88,6,0,1950,1659,608,20.0,8.2,18,0,1,1,1
1653,1,1.7,1,12,1,62,0.9,94,5,13,1944,1719,3211,16.3,8.9,9,1,1,1,3
1576,0,0.7,0,1,0,126,0.2,235,4,3,1845,632,3457,18.0,14.1,15,1,1,0,1
2207,1,1.5,1,1,0,55,0.4,231,6,11,1179,585,1274,14.8,9.3,9,1,1,1,1
3277,1,1.1,1,11,1,93,0.4,242,3,5,1689,1999,1435,17.8,8.9,6,1,0,1,1
2195,1,1.5,0,12,0,123,0.8,106,5,10,960,1847,1353,6.7,9.9,17,0,0,0,1
2233,0,1.0,0,11,0,95,1.0,188,7,11,958,1703,3669,10.2,11.3,9,0,1,0,0
1939,0,2.6,1,6,0,74,0.3,155,8,9,1712,1015,3792,18.1,4.3,11,1,0,1,3
2794,0,0.9,0,11,0,104,0.9,227,5,17,963,674,3417,8.0,12.9,9,0,1,0,1
1335,0,2.9,0,9,1,96,0.8,144,2,6,1411,1262,3906,6.2,8.2,10,0,1,1,0
702,0,1.5,1,3,1,59,0.3,188,7,6,878,1544,2758,16.8,3.9,19,0,1,0,0
3755,0,2.6,0,9,1,86,0.5,208,6,10,1525,1496,4075,17.5,12.4,4,0,0,1,3
622,0,2.1,0,7,1,57,0.5,89,6,3,863,1628,3015,7.4,7.5,18,1,1,1,2
900,0,2.3,1,8,0,112,1.0,126,1,19,571,1077,1235,17.8,4.2,16,0,0,1,2
1266,1,2.4,1,6,0,35,0.3,202,7,0,1950,1966,1611,15.3,10.6,18,1,0,0,2
793,1,1.8,0,4,1,120,0.8,138,8,12,1137,548,994,12.8,13.6,9,0,0,0,1
2827,0,1.9,0,7,1,32,0.4,175,2,17,1693,1027,1232,17.5,13.7,3,0,1,1,3
3431,0,1.8,1,3,0,53,0.8,182,1,8,1728,644,1627,11.3,14.5,18,1,0,1,2
697,1,2.0,0,1,1,90,0.5,203,1,8,836,1863,2536,7.9,13.4,19,1,1,1,1
3529,0,0.6,0,10,1,77,0.6,165,8,8,1995,1261,2057,9.3,3.0,6,0,0,1,3
2430,0,1.5,0,11,0,2,0.8,225,5,9,694,1877,3925,12.6,7.6,10,0,0,0,1
3299,0,2.0,1,5,1,56,0.8,191,6,1,1511,1598,3327,13.0,12.8,10,1,0,0,2
2691,1,2.0,0,8,0,23,0.9,239,1,5,1152,1428,2405,17.1,7.4,3,0,1,1,2
1108,1,2.5,0,0,0,41,0.2,106,3,14,1798,1293,1208,16.9,10.2,3,0,1,0,0
3772,1,2.1,1,10,1,102,0.7,97,3,2,506,818,736,13.7,10.3,20,1,1,0,0
1647,1,3.0,0,9,0,112,0.2,246,6,10,1404,1610,1493,16.7,7.4,4,0,1,0,3
686,1,1.2,0,11,1,2,0.5,161,3,5,1478,1197,363,7.9,13.9,18,0,0,1,1
3897,0,1.4,1,6,0,66,0.6,151,8,2,1065,1346,3492,5.8,9.0,15,0,0,1,1
3011,1,1.5,1,9,1,122,0.5,133,5,10,1115,1282,1228,18.1,8.6,15,0,1,0,2
3920,0,1.7,1,8,1,64,0.6,241,2,14,1072,541,1882,6.1,15.0,15,0,1,0,2
2294,0,2.6,1,9,1,107,1.0,150,4,12,1098,1616,959,8.7,8.9,7,1,1,1,3
1159,1,1.1,0,8,0,55,0.2,243,1,19,1269,1028,2638,15.4,5.1,4,0,1,1,0
3311,1,2.4,0,9,0,43,0.7,225,4,9,1701,1788,2389,11.1,9.2,2,1,0,1,2
3502,0,1.5,1,10,1,22,0.5,117,2,5,741,791,3037,18.1,12.8,17,1,1,0,1
2455,0,2.0,1,12,0,80,0.2,216,2,14,1726,1468,1130,9.5,12.3,5,0,1,0,2
2950,0,2.1,0,2,1,82,0.2,114,8,17,1985,1987,1703,5.2,12.5,2,1,0,0,0
1869,1,1.4,1,10,1,23,1.0,161,5,17,1603,596,3940,9.5,11.5,18,0,1,1,1
2486,1,1.8,0,12,0,39,0.9,212,3,6,1940,1618,4065,13.7,6.1,19,1,0,1,0
2034,1,1.5,1,4,1,100,0.9,221,3,14,1265,1849,2667,10.6,13.3,9,1,1,1,3
646,1,0.7,0,7,0,110,1.0,237,8,17,883,573,2363,13.0,13.7,3,1,0,1,3
3719,1,1.6,1,7,1,81,0.3,83,2,17,890,1859,3809,18.1,5.3,19,0,1,1,0
3411,0,0.7,1,3,0,9,0.4,246,5,19,1395,1591,1529,18.7,4.6,17,1,1,0,1
2234,1,1.5,0,11,1,63,0.7,232,5,8,1187,1257,815,9.0,14.7,11,1,1,0,0
2343,0,2.0,1,10,1,48,0.5,235,6,1,1649,1600,372,11.9,13.4,9,1,1,0,2
988,0,1.9,0,10,0,18,0.5,229,7,7,546,707,4066,13.2,13.7,13,0,1,1,2
3476,0,2.2,0,0,1,18,0.4,238,1,19,1999,1744,1129,19.2,13.6,17,0,0,0,0
2459,1,0.7,0,0,1,119,0.6,102,8,1,1118,1785,3218,20.0,9.5,13,1,1,1,2
2163,1,2.1,0,3,0,91,0.6,127,7,10,963,909,1223,8.5,10.8,12,1,0,0,0
3098,1,1.3,0,5,1,14,0.2,227,8,6,622,830,3302,15.9,9.5,20,1,0,0,2
2885,0,1.5,1,7,0,18,0.5,204,3,5,1997,843,1824,10.7,3.6,2,1,0,1,0
3419,0,2.6,1,5,1,39,0.6,245,2,9,633,1488,299,5.1,11.9,4,0,0,0,2
1140,0,0.5,0,11,0,82,0.6,134,8,4,1340,1270,764,5.1,9.1,13,0,1,0,1
2302,0,2.0,1,8,1,113,0.3,147,8,10,1348,573,2267,11.9,10.8,10,0,1,0,1
3020,0,2.0,0,8,1,79,0.8,167,6,0,1106,753,1444,12.3,9.0,6,1,1,0,2
2469,0,1.5,1,1,1,46,0.1,80,4,1,522,1458,3695,5.3,8.9,2,0,1,0,0
2698,1,1.1,1,9,0,7,0.4,214,3,0,1065,1319,1571,15.3,5.1,11,1,0,0,2
1938,1,1.1,1,0,0,36,0.8,174,1,18,1265,1485,1104,9.4,6.3,18,1,0,0,3
3869,1,2.7,1,1,0,111,0.6,219,5,1,1464,831,2135,13.4,4.9,5,1,0,1,3
2134,1,1.6,0,4,0,15,0.3,185,2,20,734,1921,1172,9.5,5.3,16,0,1,0,0
762,0,1.3,0,3,1,112,0.7,212,3,19,1495,1868,3201,7.5,14.7,20,1,1,1,2
2287,0,1.6,1,3,1,73,0.6,187,4,20,1582,1246,1054,11.1,4.8,9,0,1,0,2
2691,1,2.2,1,8,0,62,0.8,121,8,3,1687,1335,1131,8.5,6.2,16,1,1,1,1
2893,0,0.9,0,10,0,16,0.8,181,1,11,1325,954,2016,13.0,10.1,8,0,0,1,0
1123,1,1.6,1,7,0,55,0.6,203,8,19,715,1638,2589,8.0,10.3,16,1,1,0,3
1516,1,2.0,0,5,1,126,0.5,219,1,17,1706,812,3531,12.6,4.8,9,0,1,1,3
1380,1,2.9,0,0,0,28,0.2,182,6,0,1156,1517,2987,7.4,12.5,11,1,0,1,0
2549,0,1.1,0,1,0,14,0.3,225,8,0,1434,727,3851,15.1,12.4,19,0,0,0,3
3444,1,1.4,1,5,1,114,0.5,153,3,13,1613,1333,1074,16.3,5.8,5,1,1,1,0
1827,1,1.4,0,10,1,32,0.6,187,4,3,810,1357,2424,6.7,6.5,16,1,1,0,3
2801,1,2.0,1,1,0,118,0.6,201,1,4,1056,1768,1200,12.0,14.3,12,1,0,1,3
952,0,1.4,0,12,1,121,0.4,96,2,10,1471,1317,4083,6.1,12.9,4,0,1,1,0
3608,0,1.8,1,9,0,36,0.1,150,1,12,756,1517,3991,14.0,11.4,16,1,0,1,0
1683,1,2.5,1,4,1,61,0.5,141,4,15,1032,1027,3991,9.0,4.0,4,1,0,1,3
3562,0,2.3,1,4,0,7,0.4,120,5,12,551,1449,3321,12.9,8.0,16,1,1,0,3
2556,0,1.6,0,5,0,70,0.8,198,5,1,1861,926,3515,12.8,9.7,7,0,0,0,1
3804,0,2.7,0,5,0,87,0.1,241,6,15,1694,541,1162,18.9,5.2,2,1,1,0,2
3670,0,1.9,1,5,0,59,0.6,124,3,5,1590,964,268,13.2,8.4,15,1,1,0,0
2182,0,1.8,1,1,1,50,0.9,137,4,13,799,777,858,13.7,10.2,17,0,1,0,0
3363,0,0.6,1,9,1,24,0.3,205,6,0,1171,1335,455,11.0,6.9,2,1,1,1,2
2755,0,3.0,0,12,1,90,0.5,241,7,16,1277,518,2889,19.2,12.4,18,0,0,0,1
1654,0,0.8,0,2,1,35,0.2,123,1,10,1331,565,2047,16.7,13.1,9,1,1,1,3
903,0,1.1,0,5,0,27,0.7,94,7,18,731,666,3783,9.3,6.9,19,0,1,0,3
2699,0,0.6,0,12,0,48,0.6,157,1,2,1474,1519,703,17.7,13.1,17,0,0,0,1
2601,1,2.1,1,7,1,6,0.5,149,5,10,1591,902,2067,11.5,4.2,7,0,1,0,1
3691,1,1.1,1,11,1,91,0.6,180,6,4,527,908,1096,17.4,13.1,11,1,1,0,2
2196,0,1.0,0,12,1,21,0.9,239,5,16,1574,611,3398,17.3,4.8,11,1,1,1,2
1127,1,0.7,0,10,1,7,0.3,82,2,6,1783,1797,845,7.8,4.0,6,0,1,0,3
1086,1,0.8,1,11,1,71,0.1,165,7,9,1090,1930,1409,15.5,10.7,13,1,0,1,1
2148,0,2.0,0,0,0,60,0.9,153,7,10,1284,1896,3192,9.4,8.7,18,1,0,1,1
1943,0,2.2,0,0,0,65,0.6,130,5,2,1119,1096,2346,9.5,13.9,15,0,1,0,3
1945,0,1.5,0,10,0,115,0.9,146,2,19,1085,1150,775,9.4,7.4,15,0,0,1,3
603,1,1.7,0,12,1,19,0.6,155,1,9,1501,1562,1292,15.9,6.4,4,0,0,1,3
753,1,2.2,0,1,1,5,0.8,172,6,9,683,604,980,8.4,9.0,13,0,0,0,3
3798,0,0.5,0,10,1,18,0.5,224,2,13,1546,823,2926,5.0,8.5,19,1,0,1,3
3683,0,1.3,1,11,1,122,0.8,86,6,11,628,1491,1243,15.7,7.1,13,1,1,0,2
3057,0,2.9,0,11,0,15,0.9,92,7,14,790,1937,1058,7.6,11.3,3,1,0,0,3
1996,1,2.0,0,5,0,79,0.6,199,6,9,1000,928,2838,6.6,12.1,3,1,1,1,1
598,1,1.1,1,8,1,14,0.3,145,7,9,685,1134,2605,8.6,13.2,18,1,1,1,0
2700,1,1.8,1,3,0,8,0.3,83,2,18,978,1229,4093,10.7,14.7,11,1,0,1,2
2384,1,1.4,1,2,0,45,0.3,217,7,0,991,1388,782,12.1,6.2,19,0,1,1,1
3461,0,1.8,0,11,1,120,0.3,167,8,9,1012,1584,1921,5.7,11.6,20,1,0,1,0
2419,0,0.8,1,7,1,16,0.4,96,3,1,1590,1830,3900,19.6,7.7,2,1,1,1,2
1377,0,0.8,0,10,1,20,0.6,131,7,16,966,1877,1394,15.7,11.1,5,1,1,1,3
837,0,0.9,0,9,1,64,0.6,213,5,6,784,892,715,9.8,8.7,5,0,0,0,2
3369,1,2.8,0,8,1,108,0.5,148,2,6,1100,703,3135,9.8,14.9,3,0,1,0,3
3734,1,2.3,1,11,1,112,0.7,216,8,19,1940,757,2808,11.7,11.7,20,1,0,0,3
1456,0,0.9,1,10,0,109,0.2,100,1,8,1623,985,3635,14.4,14.4,13,0,1,1,3
2204,0,1.0,1,4,0,36,0.2,103,6,1,688,945,1187,7.2,13.0,11,0,1,1,0
660,1,2.3,1,8,1,82,0.3,83,8,13,1488,1703,2242,7.8,13.8,14,1,0,1,2
2103,0,0.9,1,1,0,36,0.6,231,4,16,1389,1523,580,17.9,12.8,16,1,0,0,3
3348,1,1.1,0,2,1,20,0.3,82,8,0,887,841,834,8.8,8.5,4,1,0,0,1
897,0,2.9,0,6,1,21,0.4,147,2,8,740,632,3064,10.7,6.0,14,0,1,0,2
1800,0,1.1,0,6,1,101,0.5,180,8,19,916,942,3502,18.1,7.4,9,0,0,1,1
1315,0,2.2,0,5,1,36,0.8,247,8,20,675,752,3154,14.9,3.2,8,1,0,0,0
2027,0,2.9,1,5,0,33,0.1,133,5,18,886,764,1793,10.1,9.3,9,0,0,0,0
2419,0,1.4,1,1,1,123,0.7,114,7,3,1994,592,3499,15.3,9.1,19,0,0,1,2
1915,0,0.5,0,9,0,49,0.7,135,6,7,1352,1934,3263,5.3,9.3,10,0,1,0,0
1658,0,1.1,1,5,1,45,0.8,187,3,12,1756,637,2805,16.0,14.7,7,1,1,0,0
1718,1,2.6,1,3,1,105,0.9,119,1,3,1162,1731,2256,12.3,13.9,5,1,1,0,2
900,1,2.7,0,11,1,25,0.1,147,3,8,951,1501,2637,17.2,4.9,16,1,1,1,1
1139,1,2.4,0,2,0,62,0.2,125,8,8,776,806,2587,19.3,7.4,6,1,1,0,3
3604,1,0.8,1,12,1,126,0.9,157,4,17,1752,765,730,18.9,8.1,6,1,1,1,2
3235,1,2.5,1,10,1,18,0.5,220,2,11,1694,1145,1333,18.6,7.3,8,0,0,1,2
959,0,2.8,0,12,1,72,0.6,234,6,9,712,817,1737,12.7,12.6,10,0,1,0,3
1454,0,2.0,0,1,0,108,0.7,85,2,10,1805,1636,1858,10.4,9.3,8,0,0,0,1
969,1,2.9,0,0,0,51,0.7,96,5,6,540,1400,1699,12.0,9.9,10,0,0,1,3
3946,0,2.6,1,10,0,66,0.9,243,2,8,1645,1901,3941,15.3,13.2,11,0,0,1,3
1545,1,2.2,0,10,1,100,1.0,178,1,5,1750,953,887,18.3,12.7,5,0,0,1,1
3297,1,1.9,0,4,0,33,0.7,160,4,18,793,690,958,8.1,4.6,7,1,1,1,1
2193,0,1.4,1,1,1,37,0.4,81,3,15,1099,1963,2712,18.8,11.6,15,1,1,1,3
2585,0,0.9,1,1,0,14,0.9,156,8,14,1790,1710,1237,17.2,8.2,10,0,1,0,3
2777,0,2.0,1,6,0,71,0.1,145,8,6,1040,1330,1583,19.7,6.5,2,1,0,1,2
3936,1,1.3,1,7,1,59,0.3,131,4,15,950,1890,2214,18.2,3.6,18,0,1,0,1
1062,0,2.7,1,12,0,15,0.9,171,6,4,1972,1612,814,9.2,8.8,14,0,1,1,0
2985,1,3.0,0,9,1,38,0.3,250,2,15,1584,686,477,6.6,7.3,8,1,1,0,1
2299,1,2.4,0,7,1,113,0.3,101,6,0,1670,1318,1812,6.7,6.0,10,1,1,1,3
3854,1,0.7,1,3,0,80,0.2,190,3,18,1289,1520,2461,9.4,11.3,12,0,1,0,3
2574,0,1.2,1,0,1,112,0.9,186,6,4,833,631,603,14.2,12.2,4,1,1,0,3
725,0,0.8,1,10,1,127,0.6,146,5,6,1390,1371,1438,17.1,5.9,13,0,0,1,3
3848,1,2.1,1,6,0,69,0.7,219,4,18,1665,1134,1144,18.5,3.6,4,0,0,1,0
1297,0,2.4,1,0,0,41,0.3,148,3,4,543,1899,1177,14.4,13.2,16,0,1,0,1
2831,0,2.8,0,10,1,60,0.8,163,3,16,643,1190,1514,5.1,3.1,11,0,0,0,0
3426,0,1.6,0,3,0,81,0.8,182,7,7,832,1191,2965,7.8,14.2,2,0,0,0,0
1459,1,2.8,0,7,1,93,0.4,118,3,0,1497,1622,660,6.5,10.5,15,1,1,1,3
2004,1,2.7,0,1,1,17,0.5,92,7,1,1919,1557,1536,10.4,6.9,7,0,0,1,0
952,0,1.3,1,5,0,63,0.3,120,1,14,554,1081,932,12.5,6.0,3,1,1,1,3
3567,1,2.7,0,12,0,5,1.0,136,8,19,1830,670,844,5.7,3.1,9,0,0,1,3
1315,0,1.4,1,5,0,46,0.7,91,7,17,1369,1889,1876,10.2,5.8,2,1,1,0,3
1158,0,1.2,1,11,0,91,0.9,92,4,10,1946,1283,2861,7.7,4.7,5,0,0,1,0
1046,0,2.1,1,8,1,29,0.4,199,6,9,1940,1582,3208,14.7,10.3,5,1,0,1,3
1715,0,1.3,0,4,1,97,0.8,176,7,3,1296,680,3374,12.0,5.0,6,0,0,1,0
3620,1,2.1,1,9,0,110,0.8,136,3,4,824,518,3540,12.4,9.3,10,0,0,1,1
516,1,2.0,0,3,0,67,0.7,119,4,3,579,1749,2782,11.4,10.1,14,1,1,1,3
3743,1,1.9,0,4,1,32,1.0,197,7,12,1554,1996,2790,19.3,6.6,19,1,0,0,2
1743,0,1.5,1,11,1,4,0.5,159,7,12,1484,1618,1850,8.2,3.4,18,1,1,1,2
2705,0,1.9,1,11,1,119,0.2,207,3,17,1635,1380,821,12.7,3.4,2,1,1,0,2
3024,0,2.0,1,9,1,9,0.7,114,5,1,1057,1820,3669,16.0,3.3,16,1,0,1,2
1569,1,1.9,0,10,0,25,0.8,82,5,15,1364,674,2827,13.4,11.9,3,1,0,1,2
3944,0,1.6,1,4,1,16,0.6,199,7,0,1216,1745,959,18.9,6.8,17,0,1,1,0
3065,1,0.5,0,7,1,44,0.3,84,5,18,971,553,3830,10.7,12.6,6,0,0,1,1
2646,1,2.0,1,9,0,32,0.6,90,2,8,573,1194,3333,12.0,8.2,20,0,1,0,0
2268,1,0.9,1,11,1,74,0.4,205,3,2,1088,1362,3124,6.3,8.4,6,1,0,0,3
1560,1,2.1,0,7,1,104,0.5,150,2,6,1910,1926,3471,14.1,9.2,3,1,1,1,1
2827,1,2.4,0,1,0,46,0.7,196,4,9,1063,1841,1113,9.3,11.6,8,1,0,0,1
3920,1,1.8,0,6,0,67,0.8,217,2,0,1956,848,1540,7.4,6.3,4,0,0,0,1
3044,0,1.9,0,7,0,9,0.3,185,4,9,1935,942,840,13.2,4.5,18,1,1,1,1
801,0,2.9,0,10,1,72,0.5,195,7,20,966,1332,2989,13.0,9.7,4,0,1,0,2
680,1,2.6,0,5,1,121,0.3,241,4,8,1098,1079,487,6.1,6.9,14,1,1,0,3
1106,1,2.8,1,4,0,109,0.3,146,4,14,1491,781,2573,15.5,8.3,8,1,0,1,1
3670,0,2.5,1,10,0,116,0.8,110,6,14,1236,859,3243,14.4,10.8,4,1,0,1,1
1199,1,0.8,0,8,1,104,0.9,154,2,2,1493,1414,3774,7.8,8.9,16,0,0,0,2
1492,1,0.9,1,12,0,107,0.4,150,6,4,747,1322,3177,12.0,10.4,19,1,0,1,0
1639,0,1.8,0,2,0,126,0.8,145,7,8,1643,1391,1501,15.8,9.5,11,0,1,1,0
690,1,1.1,1,11,0,58,0.9,149,3,8,566,1452,307,12.9,11.9,8,1,1,1,0
2800,1,1.7,1,12,1,81,0.9,120,2,6,1072,1140,2419,10.9,11.5,10,1,0,0,3
1480,1,1.5,0,12,1,100,0.3,239,3,11,1850,1531,793,9.8,9.4,6,1,0,1,0
3475,0,1.9,0,9,1,31,1.0,99,3,8,1202,1062,3892,14.2,11.1,9,1,0,1,1
2506,0,2.4,0,3,1,75,0.4,232,4,5,969,990,796,19.1,13.5,15,0,1,0,2
1684,0,2.3,1,8,1,103,0.4,219,8,1,992,840,1298,15.1,8.2,5,1,1,0,2
3827,1,1.8,0,5,1,19,0.2,118,2,8,1162,971,1070,6.1,8.0,15,0,0,0,0
3894,1,2.6,1,7,0,115,0.5,224,3,16,785,748,1671,11.9,12.2,13,1,1,0,2
627,0,1.6,0,6,1,70,0.2,124,8,0,811,734,3094,18.4,10.0,3,1,0,0,1
2565,1,2.7,1,10,1,118,0.3,218,5,18,808,1606,1908,6.4,3.9,14,1,0,1,0
2316,1,0.7,1,1,0,94,0.4,149,3,5,1274,1616,2921,19.8,13.7,2,0,1,0,1
2258,1,2.9,0,2,1,40,0.8,204,5,4,1620,1917,674,19.2,3.4,8,1,1,1,3
3113,1,2.1,1,0,1,61,0.9,230,2,1,1464,1323,2612,6.2,12.0,10,0,1,0,1
1069,1,1.5,1,8,0,99,0.4,170,7,8,1636,1791,4066,19.0,12.1,18,0,1,1,1
1846,0,1.0,0,12,0,44,0.9,149,6,13,955,1940,1119,10.4,14.4,14,1,0,1,1
2395,1,1.7,1,6,0,127,0.9,245,2,3,1986,1131,441,17.7,3.6,11,0,1,0,1
3233,0,1.0,0,0,1,46,0.8,209,6,3,631,1028,516,11.3,10.2,17,1,1,0,3
1125,1,0.9,0,2,0,24,0.2,163,6,20,1429,1776,1807,11.6,8.1,7,0,1,0,0
3859,0,2.0,0,3,1,70,0.7,168,2,14,1464,621,1552,14.5,7.0,17,0,1,0,1
3401,1,1.8,0,3,1,95,1.0,158,3,7,1428,1391,2463,16.6,4.1,12,0,0,0,0
2186,0,2.2,1,4,1,7,0.7,192,1,3,620,509,3173,5.5,9.8,4,0,0,0,2
3509,1,2.8,1,2,1,57,0.4,172,3,15,1720,1839,1017,13.9,8.7,10,1,1,1,1
654,0,1.8,1,2,0,123,0.6,151,3,20,1133,1337,479,7.8,4.3,16,0,1,1,1
3037,1,2.0,0,0,0,126,0.7,244,7,3,1396,1796,1535,10.2,10.3,14,1,0,1,2
1909,0,0.7,1,6,1,111,0.6,128,4,15,1271,1829,435,10.2,11.9,11,0,0,1,0
1284,1,2.3,1,10,0,109,0.2,131,4,11,1562,1733,2323,12.0,12.2,14,1,1,1,3
3675,0,1.5,0,9,1,5,0.4,112,3,15,1065,1252,1903,10.0,13.9,18,1,0,0,1
3964,0,2.9,0,0,1,94,0.8,101,5,18,1011,1385,887,6.6,7.9,8,0,0,0,2
745,1,2.6,1,1,1,24,0.9,193,7,7,1997,963,4033,7.2,14.4,7,0,0,1,2
3747,1,1.8,0,12,0,7,0.2,212,6,5,1684,1211,3795,5.5,13.4,14,1,0,1,1
3610,0,0.8,0,3,1,33,1.0,97,8,9,788,1227,3950,12.1,6.6,18,0,1,0,0
2000,1,2.6,0,12,1,107,0.4,245,4,4,699,1216,3537,19.3,4.9,16,0,0,0,0
2205,0,2.5,0,3,0,19,0.7,197,3,17,1027,1939,1792,6.7,8.2,5,0,0,0,1
3306,0,1.0,1,4,0,16,0.8,196,7,9,1416,1739,2361,19.2,7.8,16,0,1,0,2
1037,0,1.2,0,10,0,41,0.8,116,1,9,1771,579,3420,16.0,9.9,15,0,1,1,1
2390,1,2.5,0,1,0,123,1.0,143,5,6,1906,979,3548,14.6,10.0,12,0,1,1,3
2341,0,1.0,0,3,1,97,0.4,217,2,17,1741,1401,3026,14.7,12.0,5,0,0,0,3
1420,0,2.8,0,0,0,74,0.9,158,3,0,1610,1390,2219,17.4,9.1,4,0,1,0,0
2955,1,1.6,0,1,1,102,0.2,249,7,6,1605,517,3559,6.6,4.3,3,0,0,1,3
1024,1,0.7,0,0,0,75,0.7,202,3,20,1585,1688,3691,12.6,13.3,11,1,1,1,2
3375,1,2.5,0,9,0,85,0.8,123,8,0,1298,701,870,15.5,6.7,14,0,0,1,3
2029,1,1.4,0,9,0,7,0.7,161,6,14,1565,1240,817,13.8,14.7,19,0,1,0,1
3450,0,1.8,1,12,0,113,0.3,166,5,3,511,1869,2677,17.5,4.4,17,0,1,1,2
535,0,0.8,0,3,0,121,0.9,95,4,19,1332,1889,877,6.1,14.5,12,0,0,0,0
1184,0,0.5,1,3,0,124,0.3,133,4,9,1340,1971,3783,15.4,4.1,11,0,1,0,0
519,0,2.1,0,6,1,64,0.1,181,4,8,1142,818,2391,13.0,5.8,10,1,1,0,3
2868,1,1.8,0,9,0,68,0.7,242,8,1,1638,716,3347,10.7,3.6,13,1,1,1,0
3059,0,2.0,0,10,0,107,0.5,177,2,13,1741,1557,1269,10.1,11.5,20,0,1,1,1
899,0,2.5,0,10,0,12,0.9,235,7,15,605,765,2317,14.3,13.2,2,1,1,0,2
3201,1,2.1,1,8,0,44,0.4,81,5,0,1190,1223,2436,18.4,8.2,19,0,0,1,1
1471,0,0.9,0,8,1,18,0.3,173,5,1,1027,1274,2216,12.4,14.1,15,0,0,0,1
2406,0,1.4,0,4,0,97,0.9,220,4,6,1995,1603,1313,17.4,10.1,2,1,1,1,1
3018,0,2.8,1,9,0,5,0.6,248,4,9,1345,912,3195,11.0,10.6,18,1,1,0,1
1666,0,2.4,1,0,0,64,0.3,138,6,19,1392,1775,3535,6.5,13.1,12,1,0,0,2
1615,0,1.9,0,0,0,69,0.7,148,8,0,886,1535,3526,5.9,6.6,16,1,0,1,2
3925,0,1.1,1,5,1,82,0.6,198,1,12,1749,900,847,5.8,7.3,5,1,1,1,1
1333,1,1.3,1,1,0,42,0.6,171,1,0,980,1223,838,10.7,13.9,16,0,0,0,1
2323,1,2.3,1,7,1,84,0.5,124,3,4,907,781,3482,10.1,13.8,15,0,1,1,0
3274,0,2.6,0,12,0,6,0.8,227,3,15,1980,1635,1869,15.8,14.7,2,0,1,0,0
2482,0,2.2,0,8,1,33,0.8,103,5,14,1397,1222,1357,16.1,13.8,10,1,1,0,2
1353,1,2.5,0,12,1,87,0.7,170,5,16,1210,1901,3499,5.8,4.5,8,0,1,0,0
550,0,2.4,1,3,0,121,0.2,173,2,15,1138,1250,544,8.3,12.9,12,1,0,0,2
1074,0,0.9,0,4,0,71,0.9,137,2,12,1544,767,1824,9.1,7.9,3,0,0,0,2
3761,0,1.6,1,10,1,36,0.7,234,1,10,1314,797,3316,13.2,14.9,3,1,0,0,3
1648,1,0.9,0,7,1,23,0.7,233,8,16,1417,1840,3182,7.2,8.7,7,1,1,0,2
2697,0,1.1,0,2,0,66,0.4,207,3,16,702,1069,1699,7.0,9.6,20,0,0,0,0
2861,1,2.7,1,4,1,85,0.9,86,1,1,916,1008,262,19.2,9.4,15,0,1,1,3
3117,0,1.7,0,2,1,23,0.8,249,8,12,915,1045,1439,17.1,6.9,4,0,1,1,0
3913,1,1.8,1,11,1,113,0.2,126,1,13,1971,1274,495,7.7,3.9,8,0,0,0,2
2852,1,0.9,1,9,0,120,0.5,132,3,10,584,864,2242,11.1,13.7,8,1,1,0,2
2215,0,1.3,0,2,1,12,0.9,117,7,9,666,1046,1702,10.3,12.6,5,0,1,0,1
1181,1,1.1,1,2,1,78,0.1,132,2,2,883,770,2839,16.9,4.7,6,1,1,1,2
1337,0,1.0,0,12,1,124,1.0,222,6,16,967,1997,2005,12.7,12.3,18,0,0,0,3
1577,1,2.1,0,11,0,107,0.7,233,6,14,1595,1238,2373,6.9,10.5,5,0,1,0,2
3550,0,1.1,1,6,0,4,0.7,127,6,8,1309,1036,2159,16.1,7.9,14,0,0,0,1
2991,0,2.1,0,6,1,10,0.3,174,3,9,1496,1757,2519,11.0,6.0,17,0,1,1,2
3160,1,0.6,1,6,0,61,0.3,226,4,7,972,558,3431,8.9,13.3,17,0,0,1,2
3540,0,0.9,0,9,1,77,0.9,216,4,20,1492,1774,4054,10.6,11.4,3,1,1,1,2
2811,0,1.2,0,7,0,88,0.4,143,4,12,1781,585,1333,12.5,9.6,19,0,0,0,1
3624,1,2.0,0,4,0,15,0.8,172,5,17,774,1262,3109,10.1,10.3,2,1,0,0,0
2095,0,2.2,0,4,1,98,0.5,204,2,4,1543,889,2633,8.6,4.1,19,0,1,1,2
3551,0,1.6,0,3,0,19,0.2,118,2,5,989,1703,1103,11.0,8.7,9,1,1,0,3
504,1,1.6,1,6,0,114,0.1,83,7,16,825,1218,3530,5.3,5.3,12,0,1,1,1
1626,1,2.3,1,9,0,124,0.6,205,7,10,1028,1355,1567,16.6,5.5,16,0,1,1,3
1719,0,0.5,1,3,1,106,1.0,82,5,19,1391,648,2348,7.6,10.9,17,0,0,0,2
1273,0,1.4,1,1,0,74,0.4,143,1,15,588,1082,3132,5.7,13.9,18,1,1,0,1
1376,1,2.5,1,3,0,24,0.4,108,8,8,985,620,2501,14.8,7.8,18,1,0,0,2
1491,1,2.0,1,12,1,75,0.4,195,7,1,1207,1264,1495,16.6,5.5,13,0,1,0,3
3431,0,1.3,0,12,0,84,0.6,90,6,4,849,1104,1760,17.2,10.8,11,0,0,1,1
3921,1,2.8,0,7,0,126,0.5,176,4,0,1607,755,1588,12.4,13.5,7,0,0,1,0
546,0,2.4,1,8,0,48,0.9,181,6,3,886,1265,3199,8.1,12.0,9,1,0,1,0
3414,0,1.2,1,2,0,70,0.6,234,4,3,586,1363,3762,16.1,13.4,14,0,1,1,0
3370,0,2.1,0,6,0,48,0.6,100,6,2,806,1299,2635,15.5,9.4,3,1,1,1,2
3483,0,2.0,0,11,1,117,0.2,118,1,8,1677,1832,951,8.7,12.0,20,0,0,1,1
3203,0,1.5,0,8,1,88,1.0,181,8,11,939,558,282,18.6,4.7,11,1,0,0,3
768,1,1.4,1,10,0,31,0.3,125,6,9,1239,1521,3493,6.6,7.2,5,1,0,1,3
869,1,1.4,1,3,0,26,0.2,145,6,1,763,1592,2621,19.7,7.7,13,1,0,0,2
1135,1,2.0,1,9,0,29,0.7,170,3,10,1476,1969,3601,17.9,9.1,19,0,0,0,2
1629,1,1.6,0,2,1,99,0.6,243,8,9,1234,887,3710,15.3,14.1,8,1,1,1,3
2193,0,2.6,0,4,1,110,0.5,190,6,5,920,1609,2668,19.1,13.5,5,0,0,1,1
2182,0,2.2,1,0,0,121,0.5,161,3,17,992,1285,3430,15.8,4.6,8,1,1,0,2
1156,0,0.7,1,2,0,113,0.8,202,2,1,1132,1750,1215,7.9,5.1,11,0,1,0,1
619,0,2.1,0,7,1,112,0.3,178,8,1,1492,1092,1782,11.6,7.3,16,1,1,1,3
1330,1,1.2,0,10,0,26,0.8,114,5,9,910,1707,2124,6.1,6.5,13,1,0,1,1
2310,0,2.0,0,7,1,75,0.7,238,8,15,672,1845,628,10.8,10.4,2,0,0,0,0
1581,0,2.2,0,12,1,79,0.5,235,8,11,503,1408,3943,16.1,13.8,19,0,0,1,3
2474,1,1.1,1,3,0,107,0.5,182,6,0,1353,1841,2205,10.8,14.5,17,1,0,1,0
1869,1,1.6,0,1,1,122,0.3,208,2,20,1485,1065,500,10.0,10.8,6,1,1,1,3
1240,1,1.0,0,12,0,111,0.8,104,8,7,1995,898,2096,13.9,13.1,20,0,1,1,0
616,1,0.6,0,7,0,59,0.6,122,7,15,1633,1398,3496,18.1,9.3,5,1,1,1,1
2353,0,1.4,1,7,0,95,0.4,163,7,17,1560,1816,3955,5.7,5.5,7,1,0,0,3
3338,0,1.4,1,9,0,120,0.6,130,3,12,1082,792,1932,10.8,9.3,18,0,0,1,3
1650,1,3.0,0,3,0,128,1.0,209,6,14,1554,984,3745,7.4,9.7,8,0,0,1,0
3964,0,1.6,0,2,0,42,0.5,205,6,20,880,1970,3683,15.4,11.9,8,0,0,0,1
2431,0,1.3,0,1,1,26,0.9,148,8,11,1791,1302,2781,6.6,5.6,10,1,0,0,3
1512,0,2.0,1,8,1,79,0.4,88,1,7,1534,1935,380,15.0,7.4,14,1,0,1,2
2164,1,0.7,1,0,1,100,0.1,81,2,9,843,1389,792,9.3,7.4,15,1,1,1,0
1581,0,2.9,1,6,1,117,0.3,241,4,13,665,743,3009,8.0,14.5,17,0,1,0,3
1133,1,2.1,0,4,0,49,0.5,238,4,4,1199,1943,2175,19.0,8.3,10,1,0,1,1
1012,0,2.4,1,7,1,99,0.3,89,1,17,841,1459,1891,5.3,12.1,16,0,1,1,1
3349,0,0.9,0,3,1,11,0.1,193,3,18,1542,1677,1681,11.6,12.0,6,0,1,1,1
1619,0,1.5,0,6,1,100,0.9,155,4,14,1479,1315,1796,5.3,6.2,19,1,1,0,1
1641,1,1.6,0,12,0,76,0.9,243,8,5,1707,1947,786,12.3,9.9,9,0,1,1,0
1059,0,2.6,1,4,1,12,0.8,164,4,10,1044,772,4009,12.5,13.7,16,1,0,1,3
987,1,0.5,0,4,0,86,0.3,128,7,20,1533,1019,3089,9.8,8.7,10,0,1,0,0
3808,1,1.3,1,8,1,22,0.2,149,7,10,691,1651,509,7.0,14.3,20,0,0,1,0
1396,1,3.0,1,8,0,87,0.2,210,5,19,819,1896,2424,10.6,5.6,7,0,0,1,1
3843,0,1.7,0,12,0,46,0.8,212,2,19,1079,1067,3359,15.1,3.9,5,1,1,1,2
1712,0,1.5,0,8,1,8,0.9,169,3,20,974,1137,916,16.7,13.7,12,0,0,1,1
1203,0,0.8,1,11,0,120,0.5,105,6,17,1136,658,2057,13.0,13.2,11,1,1,0,2
1970,0,2.9,0,5,0,82,0.2,151,2,17,926,1151,1316,13.8,14.9,4,0,0,0,0
1080,1,0.6,1,5,1,65,0.6,84,3,9,1582,675,4016,8.0,11.2,2,0,0,1,1
3337,1,2.3,0,4,1,127,0.4,94,4,1,1959,1119,1621,9.3,14.2,13,0,1,1,1
3408,1,2.4,1,8,1,65,0.4,202,5,8,596,710,1292,7.4,12.9,16,1,1,1,0
2794,0,1.1,1,9,0,3,0.7,223,2,13,995,946,1462,8.7,13.1,16,1,0,1,1
3647,1,2.2,1,7,0,77,0.7,80,4,18,1160,1085,3984,8.4,9.8,15,1,1,0,3
653,0,0.7,1,6,0,122,0.2,223,3,9,1801,666,3592,12.8,7.6,8,1,0,0,2
2179,1,1.1,0,6,1,43,0.1,244,2,3,1788,959,2391,13.4,14.2,18,1,1,0,2
1496,0,2.5,0,5,0,83,1.0,82,6,5,508,1415,3789,19.2,8.2,20,0,0,1,2
3657,0,2.7,1,4,0,55,0.3,126,2,13,956,1880,2349,7.9,9.5,8,0,0,1,1
3244,1,2.0,1,12,0,124,0.1,174,4,3,772,1827,3719,14.6,8.4,4,1,0,1,3
3856,1,1.8,0,3,0,76,0.3,92,8,14,1439,1756,1398,17.3,9.8,4,1,0,0,1
1743,1,0.9,0,2,0,17,0.1,199,8,15,1531,1850,3236,13.4,8.6,19,1,0,0,2
1592,1,0.7,0,2,0,114,0.5,134,2,6,707,1705,1810,8.8,3.6,15,1,1,0,1
3618,0,0.8,0,5,0,116,0.8,228,6,16,1646,1857,3774,8.9,13.6,4,0,0,0,2
1508,1,1.1,0,3,1,19,0.4,145,5,18,1556,1552,2011,5.6,8.3,8,1,1,0,0
2641,1,1.4,0,11,1,100,0.5,234,5,18,703,1213,2221,9.6,10.1,8,1,1,1,2
2273,1,1.5,1,11,1,118,0.7,245,8,16,1017,1616,1000,16.2,4.7,6,1,0,1,0
1457,0,1.4,0,5,0,60,0.6,169,4,5,1016,1340,1885,5.7,3.0,4,1,0,1,0
3559,0,1.1,0,2,0,91,0.9,141,3,10,942,1367,1222,8.3,5.9,19,0,1,0,0
952,1,1.8,1,3,1,17,0.9,181,4,15,1188,1187,1018,15.6,11.5,16,0,0,1,2
1727,0,2.6,0,8,0,7,0.1,218,5,7,1349,829,3065,16.7,4.2,15,1,0,1,3
3459,1,1.2,0,4,1,58,0.8,87,1,10,1332,1707,1049,11.8,13.9,5,0,1,0,2
2765,0,2.9,0,12,0,109,0.5,176,1,6,838,594,999,15.5,5.6,9,0,1,0,1
3021,0,2.7,0,6,0,108,1.0,196,2,18,1961,1284,1325,10.8,5.5,14,1,1,0,1
2979,0,0.9,0,9,1,48,0.5,143,6,9,1968,1148,1787,7.4,5.2,9,1,1,1,3
2888,0,2.5,1,1,1,112,1.0,100,8,8,1659,852,813,11.0,3.2,16,0,1,0,3
1050,1,1.9,0,4,1,49,0.8,194,7,3,886,1429,2250,13.7,12.3,18,0,1,1,3
2135,1,1.9,1,8,1,43,0.3,164,7,14,1548,1440,781,19.2,13.5,6,0,0,1,0
1812,1,1.5,1,10,1,77,0.6,99,7,12,1005,1483,2900,6.0,10.4,5,0,1,0,3
3825,0,1.8,0,2,0,61,1.0,87,2,1,1848,1788,1095,12.6,5.3,12,0,1,1,3
2257,1,1.5,1,8,0,78,0.9,137,1,1,1179,1542,258,9.9,6.4,19,1,0,0,3
856,1,1.8,0,10,0,5,0.2,125,5,15,1861,1145,1307,12.6,8.7,11,0,0,0,2
2570,1,2.1,1,5,1,104,0.7,110,2,8,1189,1125,1660,5.4,14.5,18,0,0,1,1
2285,0,2.2,1,3,1,119,0.4,172,7,12,1384,638,412,9.7,6.0,16,0,0,1,1
3069,0,1.8,0,6,1,3,0.1,88,7,2,1618,1215,3158,17.3,11.8,7,0,0,1,3
2281,0,2.3,0,7,1,91,0.5,94,8,8,1122,1261,2193,13.3,8.3,17,0,0,0,1
3671,1,0.9,0,5,1,60,0.3,173,4,12,1669,754,2210,11.8,6.6,16,0,1,1,2
3349,1,1.0,0,4,1,28,0.8,233,7,20,1392,1608,766,9.3,8.5,9,0,0,0,1
3751,1,2.5,0,5,0,28,0.4,217,6,1,1452,1981,3660,9.5,3.9,10,0,0,0,0
3794,0,1.3,1,4,0,80,0.8,108,7,7,1754,1175,942,10.7,12.6,12,1,0,1,2
3309,0,0.6,1,7,0,128,0.1,159,4,8,1283,591,1393,17.5,5.9,3,1,0,1,1
2989,1,0.9,1,0,0,73,0.4,115,7,15,994,1592,1668,19.5,11.7,14,0,1,1,1
2131,0,1.1,1,10,0,8,0.3,163,6,1,1561,536,1766,11.6,3.8,5,1,0,1,2
3316,0,2.9,1,6,1,64,0.3,188,5,5,1948,639,3577,10.9,14.5,10,1,0,0,1
1515,0,1.9,1,9,1,112,0.2,197,2,7,1246,1366,826,17.7,5.3,6,1,1,1,1
1848,0,2.8,1,9,1,120,0.3,116,6,4,936,1179,970,11.4,13.6,20,1,1,0,3
1015,1,1.9,0,10,1,47,0.6,165,4,8,1891,1701,1594,13.3,12.7,4,1,1,1,0
3587,0,1.7,0,1,1,64,0.4,150,2,0,844,636,2542,8.5,14.6,4,1,0,1,2
3339,0,1.3,1,8,1,105,0.5,230,2,8,1683,689,3561,16.2,8.7,7,0,1,1,3
835,0,2.0,1,0,0,125,0.4,248,4,9,1049,841,2606,13.0,11.7,11,0,1,0,1
2282,0,0.8,0,10,1,13,0.9,172,8,3,1319,1528,2910,17.1,7.4,6,1,1,1,2
2805,1,2.7,0,9,1,14,0.9,159,1,2,1040,1471,1246,16.7,5.2,4,0,0,0,2
996,1,2.6,0,5,1,127,0.5,181,7,9,643,1780,3980,8.2,8.3,8,1,0,1,0
1395,0,1.3,0,8,1,44,0.4,235,6,14,1087,1161,589,15.7,5.0,19,0,1,1,0
2707,0,2.9,1,0,0,18,0.2,245,4,10,1156,742,2416,17.0,14.8,9,0,0,0,2
1351,0,2.6,0,3,0,64,1.0,238,5,13,844,914,1900,10.2,4.2,2,0,0,0,0
2187,0,2.2,1,3,1,126,0.2,93,3,5,1792,1206,617,7.6,10.1,5,1,0,1,0
2431,0,0.8,1,8,0,82,0.4,196,4,11,1195,842,2136,5.0,10.5,8,0,0,1,1
3237,0,1.7,1,10,0,121,0.4,152,7,12,767,1181,3104,11.8,9.5,15,0,0,0,0
2927,1,1.8,0,4,1,37,0.4,170,7,16,668,1902,2400,10.3,10.9,14,1,1,1,0
2068,0,1.1,0,4,1,86,0.2,169,2,15,532,1152,2237,13.3,4.4,11,1,1,0,3
1456,1,0.7,1,5,1,9,0.8,108,2,2,876,645,2319,7.8,9.7,19,0,1,1,1
3238,1,2.4,1,0,1,70,0.2,128,4,1,1737,822,2859,17.9,6.4,2,1,1,0,1
3998,0,0.8,1,0,1,91,0.7,250,3,10,1963,621,2233,8.9,14.3,5,0,0,0,2
2136,1,2.0,0,8,0,81,0.2,151,8,8,892,1775,631,8.4,12.1,17,0,1,0,0
1791,1,2.8,1,2,1,37,0.2,212,4,2,988,810,997,12.2,14.7,17,1,1,0,3
1940,1,2.7,0,3,1,29,0.9,121,3,17,1221,1100,645,12.5,3.5,19,1,0,0,3
1691,1,1.2,1,0,1,119,0.3,214,8,19,1445,974,2923,8.2,6.4,9,0,0,1,1
1566,1,2.6,1,8,0,94,0.8,121,3,14,1552,1069,1496,9.1,5.3,11,1,0,1,0
784,1,0.5,1,7,1,48,0.6,243,7,13,538,1074,3726,7.5,3.1,17,0,0,1,3
2944,0,0.5,0,1,1,77,0.2,184,7,1,1696,846,3587,15.8,5.9,12,1,1,1,2
511,1,2.0,0,7,1,102,1.0,106,7,16,1540,1319,1079,16.6,11.1,7,1,0,1,0
2130,1,1.4,1,6,0,31,0.3,137,5,7,1579,1996,2623,11.9,5.8,2,1,0,1,0
3873,1,1.5,0,10,1,24,0.9,125,7,9,725,881,2499,15.7,9.1,13,1,0,1,0
3824,0,1.9,1,5,1,17,0.3,145,6,17,566,1803,3805,16.0,13.7,7,1,0,1,3
3046,1,1.0,0,0,1,15,0.9,104,2,18,1720,571,673,7.1,11.3,14,0,0,1,1
1253,0,1.0,0,6,0,75,0.1,152,2,7,1334,1020,3802,19.5,7.7,18,0,0,0,1
2582,1,1.7,0,9,1,72,0.6,196,3,7,1546,1889,862,17.3,7.5,2,0,1,0,2
3274,0,2.4,1,6,1,110,0.8,234,2,2,1498,1432,823,8.1,8.5,9,1,1,1,3
3396,0,2.0,0,12,1,53,0.9,208,1,2,736,1617,799,7.8,5.1,9,0,1,0,0
589,1,1.2,0,8,0,125,0.9,166,8,11,1456,1896,2534,6.9,10.6,12,0,0,1,2
1275,1,1.6,1,0,1,126,0.8,153,3,16,1418,838,1139,7.1,7.4,15,1,0,0,2
3152,0,0.9,1,1,1,38,0.9,249,2,3,1661,1960,2824,16.2,13.2,11,1,1,0,1
3517,1,0.7,1,10,1,30,0.3,232,1,16,972,1859,958,12.0,12.1,16,1,1,0,0
2125,0,2.5,1,8,0,68,0.4,204,8,13,1052,1163,1479,16.7,10.3,8,0,1,1,0
3569,0,1.2,0,12,0,16,0.4,146,5,18,1194,539,3149,16.2,7.4,8,0,1,1,3
917,0,0.9,0,8,1,101,0.4,85,2,8,1752,1882,2976,14.1,5.5,11,1,0,1,3
614,0,2.2,0,12,0,48,0.5,204,1,20,816,1073,1878,15.3,12.3,5,0,1,1,3
1116,0,2.0,0,5,0,47,0.6,137,4,11,1097,1777,2324,5.3,8.8,19,0,0,0,2
3767,1,2.1,0,5,0,53,0.2,149,6,4,1267,1465,3638,9.7,5.7,11,1,0,1,0
1325,0,1.1,1,3,1,20,0.7,132,4,10,1385,1080,2891,14.6,5.3,20,0,0,0,1
2149,0,1.1,0,3,1,78,0.3,145,1,19,1060,1921,3201,5.1,5.0,15,1,1,1,2
2016,1,1.1,0,4,0,107,0.4,137,3,2,1724,669,3980,5.5,12.3,14,0,1,0,2
3646,0,0.9,0,2,0,22,0.6,161,7,20,757,1200,3965,17.8,5.7,16,1,1,0,1
912,1,2.1,1,0,0,65,0.8,166,7,14,1701,1010,2042,15.3,9.3,17,0,0,0,1
3947,1,2.6,1,0,1,38,0.8,81,7,13,1256,1783,1875,9.0,8.4,3,0,0,0,3
3991,1,2.3,0,11,1,28,0.7,229,8,10,622,1083,1713,15.3,10.0,5,1,1,1,1
1228,0,2.5,1,12,0,56,0.2,116,3,19,841,1483,2674,16.9,13.5,19,1,0,1,1
3848,0,1.5,1,6,0,117,0.6,227,8,7,1694,958,1839,9.6,13.4,18,1,1,0,1
3568,0,2.1,1,0,0,30,0.2,182,2,3,1582,1028,2170,5.5,8.4,11,1,0,1,1
3308,1,1.4,1,0,0,21,0.4,103,7,11,1988,840,333,19.0,3.2,10,0,0,1,3
1175,0,1.8,1,2,1,26,0.5,191,4,7,759,556,3869,10.2,8.1,16,1,0,0,2
3965,1,1.7,1,9,0,71,0.1,144,3,5,1896,717,1564,6.6,10.3,13,1,0,1,0
2392,0,0.9,1,3,1,64,0.3,208,3,14,594,1118,903,12.4,9.7,10,1,0,1,0
3004,1,1.5,0,3,0,37,1.0,196,7,11,1648,1315,2443,16.5,10.8,15,1,0,1,2
3467,0,2.9,0,1,0,3,1.0,195,4,15,540,1230,808,8.3,4.8,14,1,0,0,0
2739,0,1.1,1,0,0,23,0.4,184,5,15,753,963,1253,9.0,10.8,7,0,1,1,0
3286,0,0.8,0,2,0,97,0.1,82,3,20,506,746,537,8.6,5.2,20,1,0,0,2
1622,1,1.5,0,10,0,17,0.3,125,7,19,1994,1229,3889,19.9,12.0,5,1,0,0,0
2071,1,2.5,1,3,1,19,0.5,134,6,19,1227,872,1537,8.0,7.1,18,1,1,0,0
1477,0,2.0,0,2,0,70,1.0,154,1,3,568,916,2102,13.6,11.5,20,0,1,1,2
1508,0,2.2,1,7,0,55,0.2,124,8,10,1604,1554,1639,18.9,3.6,4,0,1,1,0
2643,1,1.0,1,9,0,101,0.8,233,2,12,1041,867,2743,7.2,7.9,15,0,1,1,1
2187,1,2.0,1,0,1,31,0.2,156,3,8,1785,1058,2573,19.6,11.5,18,1,0,0,2
3210,1,1.3,0,1,1,46,1.0,103,6,3,588,607,1413,19.2,5.7,14,1,0,1,3
3761,0,2.6,0,12,1,20,0.4,114,6,11,1731,1083,3049,18.3,12.5,10,0,1,0,0
536,1,2.1,0,6,1,88,0.8,103,3,8,712,1338,3967,8.2,10.6,2,0,0,1,3
3940,0,1.0,0,3,0,35,0.4,107,5,12,1333,917,359,14.5,10.1,18,1,1,0,0
2048,1,0.7,1,7,0,14,0.7,95,1,15,765,1320,1021,16.4,7.2,17,1,0,1,1
2826,0,0.6,1,10,0,44,0.3,138,2,5,1411,1921,2398,19.8,8.8,19,1,0,1,2
2764,1,1.4,0,12,1,63,0.2,223,3,9,792,1795,3032,7.7,10.2,3,0,0,1,3
3414,1,1.2,1,2,0,119,0.9,94,8,12,1730,1182,1852,16.5,8.7,15,1,0,0,2
1372,1,2.1,1,5,0,94,0.9,90,2,6,832,1639,735,10.1,11.4,18,1,0,0,3
2321,1,1.7,0,8,1,101,0.9,158,4,18,1600,755,3083,7.6,8.2,4,0,1,1,0
1796,1,1.2,1,0,1,23,0.7,194,6,18,1811,1604,3568,11.3,5.4,3,0,0,0,1
2609,0,0.9,0,0,1,53,0.8,147,6,16,1504,1279,2316,16.9,5.6,9,0,0,0,3
1095,1,0.8,1,7,0,53,0.2,122,3,12,546,1651,3474,12.0,3.1,3,1,0,0,3
2403,1,2.7,0,2,0,112,0.4,148,3,12,1121,1337,2219,13.1,6.6,3,0,0,1,1
1228,1,1.1,1,4,1,37,0.4,220,8,20,1723,1414,4079,19.9,12.0,10,0,0,1,1
1865,0,2.1,1,0,0,74,0.7,217,4,1,926,734,2904,11.0,12.5,7,1,1,1,1
896,1,2.5,0,4,1,104,0.4,154,5,9,709,1052,2398,14.2,5.4,13,1,0,0,1
1198,0,2.0,0,10,1,116,0.2,182,3,12,1387,680,2596,10.5,14.5,10,0,1,1,1
3590,1,2.6,0,5,0,20,0.6,120,6,8,1943,656,2328,10.9,9.0,8,1,0,0,2
2724,1,1.5,0,7,1,39,0.8,138,2,0,653,1977,1551,15.4,14.0,13,0,0,0,0
2135,0,2.9,1,12,1,71,0.4,118,1,13,914,1070,1784,19.1,11.5,6,1,1,1,0
895,1,0.8,1,2,1,117,0.2,82,7,15,1876,1356,1445,13.1,11.7,17,1,0,1,3
2992,0,0.8,0,2,0,112,0.3,86,2,19,1680,1547,1194,16.5,4.0,6,0,0,1,1
3804,0,2.1,1,11,1,80,0.3,128,5,14,1784,1996,1017,6.3,5.6,13,0,1,0,2
575,1,2.9,0,10,1,58,0.4,105,1,0,1600,1923,3414,8.2,3.1,10,0,0,0,2
764,0,2.5,0,10,1,21,0.7,240,2,16,1268,1447,909,12.5,11.6,8,1,1,1,3
3002,1,0.7,1,9,1,10,0.6,180,2,12,1482,1091,1925,5.3,7.1,20,0,1,0,1
2319,1,1.2,1,8,1,33,0.7,158,4,14,1654,633,3288,8.8,12.4,12,1,1,1,0
1217,0,2.8,0,3,1,5,0.4,81,7,15,1078,920,2941,12.8,7.1,13,1,0,1,1
3282,0,1.1,0,3,1,51,0.8,206,8,15,1978,712,2794,5.2,12.8,4,0,0,1,2
3955,0,2.5,0,11,0,83,0.3,239,5,1,1239,1399,2187,9.0,4.6,18,1,1,1,1
1350,0,2.6,1,6,0,6,0.5,211,6,16,662,981,3468,12.7,5.1,8,1,0,1,0
1890,1,1.7,1,1,1,21,0.8,99,4,10,1538,847,1382,13.6,7.1,11,0,1,1,0
643,1,1.5,1,7,0,88,0.3,196,1,7,1755,665,3553,18.9,7.9,16,1,0,0,3
1384,0,1.6,1,5,0,127,0.2,243,7,19,694,1436,2181,14.7,7.2,3,1,1,0,2
3640,1,1.1,0,2,1,76,0.9,111,6,2,1041,847,830,11.2,12.2,14,0,0,1,1
3670,1,2.7,0,8,0,38,0.4,107,4,11,858,1348,2597,19.0,4.2,5,0,1,1,1
895,1,1.6,0,4,1,23,0.7,156,7,19,1349,897,3199,16.8,7.2,19,1,0,0,3
3596,1,2.7,0,7,1,59,0.1,80,8,15,1854,1082,1585,8.0,13.0,2,1,1,0,3
3495,0,0.8,0,6,1,69,0.7,135,5,13,926,1225,1533,7.0,3.8,3,1,0,1,3
3438,0,3.0,0,7,1,94,0.4,114,3,15,996,1958,1459,15.1,14.3,3,1,1,1,2
1992,1,1.6,1,6,1,45,0.2,191,8,20,1327,1744,295,13.4,14.8,5,0,0,0,1
3722,0,0.6,1,2,0,35,0.6,109,3,16,985,807,3079,16.8,4.1,4,1,0,1,3
1667,0,0.6,0,1,1,78,0.3,133,1,10,1972,1490,4028,16.1,6.5,18,1,1,0,2
3116,0,2.4,0,6,0,43,0.4,115,3,16,1936,1297,775,14.4,7.5,15,1,0,1,1
1562,1,2.1,1,2,1,10,0.2,159,4,18,829,1218,1895,19.8,12.3,3,1,0,0,0
2656,1,2.5,1,2,1,107,0.2,137,1,0,1388,965,4064,13.0,10.2,17,0,0,1,3
1565,1,0.8,1,1,1,96,0.4,162,6,11,1490,598,2849,6.7,10.7,12,1,0,1,2
1709,0,0.6,1,3,0,8,0.2,144,8,14,1670,1765,2539,17.4,12.1,14,0,1,1,1
3482,1,1.8,0,7,1,69,0.9,148,8,17,758,657,718,8.8,4.4,2,0,0,0,1
2945,1,1.5,0,11,1,20,0.1,207,5,13,791,1109,1507,16.7,13.0,3,0,0,1,3
3794,0,1.7,0,0,1,107,0.5,130,1,0,642,1053,4027,19.4,11.5,3,0,1,0,3
1133,1,3.0,0,0,1,95,0.2,101,6,12,1246,1150,2104,15.5,9.9,6,0,0,0,1
1656,1,2.9,0,11,0,32,0.4,186,8,14,1126,1419,738,13.9,13.7,5,1,1,0,2
3734,0,2.9,1,4,1,36,0.9,188,1,6,1888,726,2733,11.9,11.4,13,0,0,0,0
1738,0,2.5,0,10,0,58,0.2,195,2,14,589,922,3349,10.5,5.4,4,0,1,1,1
1232,0,1.4,1,4,1,86,1.0,180,2,19,1219,1595,598,10.3,8.2,11,0,0,1,2
734,1,1.5,0,10,0,62,0.3,179,1,9,1687,742,3367,14.5,8.9,19,1,1,1,3
3205,1,1.9,0,11,0,32,0.8,243,8,13,980,1029,1452,16.3,3.7,11,0,1,0,1
1250,1,2.6,0,0,1,84,0.6,147,7,5,583,1568,1718,15.2,14.5,2,1,1,1,3
3135,0,0.7,0,5,1,96,0.9,115,3,13,1600,1995,1458,8.0,4.5,7,0,0,0,0
3580,0,1.6,0,0,0,54,0.6,248,2,11,1172,870,1877,12.4,11.4,12,0,1,0,3
3645,1,0.7,1,4,1,33,0.6,225,7,10,1016,1151,2436,16.9,9.1,3,1,0,0,0
1453,1,1.8,1,8,1,67,0.3,101,7,19,984,1188,2654,12.1,3.3,8,1,1,1,3
3039,0,2.7,1,11,1,60,0.2,145,5,18,1281,1233,3852,13.0,14.1,19,1,1,0,3
3460,0,2.5,0,4,0,117,0.9,100,6,1,603,591,3867,16.6,13.2,20,0,1,1,0
3824,0,1.1,0,5,1,11,0.4,179,4,19,1975,1545,2809,14.9,9.3,5,1,0,1,3
3801,0,2.9,1,7,1,3,0.4,207,2,0,838,671,2387,11.1,5.7,14,1,0,1,2
2042,1,2.2,0,10,1,67,0.8,123,1,7,1186,1715,1248,18.4,4.5,19,1,1,0,3
1697,0,0.5,0,0,0,61,0.4,182,3,13,1399,1600,3791,7.4,7.4,14,1,1,1,1
2176,1,1.1,1,1,1,89,1.0,126,4,8,1106,1804,3133,19.9,6.1,20,1,1,0,3
1691,1,1.2,0,8,0,18,0.8,118,6,1,722,1887,3164,6.8,9.1,18,0,1,0,2
2717,1,0.7,1,2,1,97,0.6,108,7,4,1532,678,2646,5.2,14.6,2,1,1,0,1
1916,0,2.9,0,5,0,17,0.9,133,6,7,1576,737,3607,18.4,9.9,7,0,1,0,2
3493,0,1.7,1,4,1,17,0.1,169,8,15,1600,1658,3169,8.7,13.7,20,1,1,1,1
3342,0,2.7,0,10,1,47,0.3,164,2,15,1002,1376,3590,15.9,10.8,2,1,1,1,3
3181,0,1.3,0,1,0,40,0.5,96,6,12,1839,1401,1445,17.2,8.7,9,0,0,1,2
1717,1,0.8,1,6,0,118,0.3,159,6,19,1321,779,2596,17.9,13.3,18,0,1,1,3
2040,0,1.7,0,3,0,32,0.8,238,3,14,1123,1542,3836,19.9,8.7,16,0,0,0,1
2576,0,0.8,0,0,1,108,0.9,152,8,0,664,1239,1859,9.4,13.4,19,0,1,0,2
3736,1,1.7,1,12,1,89,0.5,128,8,2,1802,870,3553,15.7,6.5,8,1,0,0,0
1945,0,2.8,0,3,1,2,0.4,180,7,5,1550,1635,1449,6.7,4.5,17,0,0,0,2
2886,1,1.8,1,5,1,12,1.0,81,3,13,1593,1369,853,11.1,13.3,8,1,1,1,3
2019,1,2.0,0,6,0,120,0.5,221,3,3,1741,1518,900,17.7,10.0,18,1,0,1,0
1888,1,0.9,0,6,1,86,0.5,138,1,17,1888,720,703,10.5,13.7,5,1,0,0,0
2356,1,0.6,0,6,1,5,0.4,176,6,14,1829,1419,2993,13.9,14.3,13,0,1,0,1
1865,1,0.8,0,2,1,72,0.9,178,6,8,1647,803,3305,12.6,3.6,14,0,1,0,0
999,1,2.0,1,5,1,27,0.6,182,8,17,518,1848,3158,14.7,9.0,5,0,1,0,0
2180,1,0.7,0,12,1,112,0.8,81,6,2,1780,1960,2805,19.6,7.5,2,1,0,1,1
1010,1,1.4,1,7,1,51,0.8,120,5,9,1819,937,1019,5.8,10.5,2,0,1,0,2
3898,0,1.9,0,3,1,13,0.4,202,3,16,1545,1693,3854,13.6,12.5,8,0,0,1,3
716,0,1.5,0,12,0,96,0.5,161,4,6,1488,874,990,17.9,6.4,10,1,1,1,2
1824,0,0.9,0,7,1,82,0.9,223,8,14,949,880,3706,12.2,9.7,2,0,1,0,0
1655,0,1.2,0,1,1,98,0.4,211,2,0,1051,1485,3528,6.2,11.5,17,1,0,0,3
2327,1,2.8,1,9,1,76,0.8,219,8,10,1571,513,1898,13.4,4.6,19,0,0,1,2
3641,0,2.2,1,8,1,93,0.9,108,7,16,1194,1242,2553,10.0,12.8,16,0,0,1,3
3823,1,1.7,1,8,0,97,0.7,214,4,4,1086,1168,3736,7.3,10.3,7,0,1,0,0
3986,0,0.5,1,7,0,66,0.8,93,7,6,1220,999,856,17.7,14.4,3,0,1,1,2
2310,0,3.0,0,9,0,48,0.8,91,1,18,1706,1914,2428,12.8,7.1,10,0,1,0,3
2992,0,2.2,1,12,0,93,0.9,178,1,14,1958,1064,2416,19.0,4.3,5,1,0,0,3
3423,1,1.3,1,9,0,54,0.5,212,7,2,606,1029,1236,17.1,9.1,14,0,0,1,2
1705,0,2.7,0,0,0,107,0.1,160,6,14,1711,991,3464,15.4,4.0,12,0,0,1,2
2714,1,1.1,0,1,1,72,0.5,185,4,4,1275,1908,2038,5.1,14.6,14,0,0,0,0
590,1,1.9,0,5,0,3,0.7,111,6,11,1609,1719,3823,11.4,3.5,12,0,1,0,1
1213,0,2.1,0,9,0,107,0.5,153,8,19,1979,1254,4005,8.0,12.0,20,0,0,1,3
2381,0,1.1,1,4,1,25,0.8,250,5,4,1660,799,2453,18.7,9.3,9,0,0,1,2
538,0,2.9,1,11,0,5,0.4,160,1,2,1397,1314,3178,7.6,7.4,8,0,1,1,2
3697,1,2.4,0,8,1,109,0.7,148,1,8,835,1046,2646,9.3,3.8,17,1,1,1,2
672,0,1.9,0,4,1,20,0.3,124,4,8,1106,1226,835,12.8,10.5,4,1,0,0,3
1152,1,1.0,0,1,0,27,0.8,185,1,6,1337,1230,4060,9.0,10.0,18,0,0,0,0
1253,1,0.6,1,9,1,76,0.6,216,5,1,1992,1327,1038,8.1,6.4,19,1,0,0,1
1743,0,1.3,1,3,0,41,0.3,240,5,20,1101,1101,2624,14.0,13.9,16,0,0,1,3
1581,0,2.4,0,8,0,51,0.4,179,5,15,902,1831,3125,6.3,6.6,18,1,0,1,0
2183,1,1.2,0,0,1,44,0.8,225,2,8,1039,1775,787,5.9,8.4,12,0,0,0,3
3023,1,1.8,1,10,1,76,0.5,88,5,12,1595,1531,3616,10.6,9.5,6,0,1,1,3
955,1,2.3,0,0,0,110,0.3,141,5,18,523,1267,1768,15.8,4.2,17,1,1,1,2
1328,0,0.8,0,11,1,68,1.0,108,2,19,1123,1374,2795,13.3,14.2,16,0,1,1,0
1394,1,2.2,1,6,1,13,0.7,204,6,16,1579,1731,867,11.3,7.5,11,1,1,1,2
1884,0,0.7,0,10,0,68,1.0,193,8,5,1485,1436,2555,13.5,4.0,15,0,0,1,2
2458,1,2.9,1,2,0,107,0.5,232,3,3,722,630,2261,10.5,7.6,3,0,0,1,0
3572,1,1.7,0,9,1,28,0.5,222,1,0,678,1107,1356,19.0,10.2,17,0,0,0,2
2934,0,0.9,0,1,0,114,0.9,213,5,17,1299,525,1926,5.8,9.2,20,0,0,0,2
2496,1,1.4,1,8,0,55,0.6,199,1,18,933,1977,1671,15.1,11.3,9,1,1,0,1
2895,0,1.5,1,2,0,67,0.7,249,4,8,1973,1134,1691,18.4,3.7,16,0,0,0,0
689,0,2.4,0,1,0,50,0.3,236,1,12,1292,1709,2476,17.1,6.4,11,1,0,1,0
1004,1,2.4,1,11,0,17,0.5,158,7,7,1383,983,1130,7.8,12.8,6,1,0,0,2
1714,0,2.0,0,7,0,3,0.2,172,6,12,991,1179,2504,9.4,4.0,17,0,0,0,2
2031,0,0.8,0,9,0,61,0.3,83,8,14,1712,1574,472,15.8,13.3,13,0,1,0,0
3940,1,0.9,1,5,1,55,0.1,161,2,10,1309,504,631,6.3,4.1,14,1,0,0,0
3980,0,0.7,0,5,0,31,0.1,154,1,11,1460,1088,4047,17.2,13.0,10,1,1,1,3
1323,0,1.9,0,9,1,85,1.0,93,1,13,919,1683,1865,15.8,7.3,18,0,0,1,0
1428,0,2.7,1,10,1,39,0.3,210,1,3,1772,707,266,15.9,10.3,13,1,0,0,3
1433,1,1.6,1,6,1,29,0.7,193,3,0,1148,756,4095,6.5,4.8,6,1,0,0,2
1640,0,0.9,0,6,0,26,0.9,141,3,3,1687,1728,3339,15.8,3.8,13,1,1,1,1
633,1,1.9,1,10,0,97,0.6,185,4,18,1778,510,3195,15.2,5.6,2,0,0,1,1
2605,1,2.5,1,12,1,126,0.2,143,2,8,975,1448,1869,17.5,4.5,17,1,0,0,3
1184,0,2.4,1,5,0,11,0.8,181,1,9,1940,507,2738,5.6,6.7,13,1,0,1,2
3219,0,2.7,1,3,1,61,0.6,185,1,3,669,1932,4011,5.3,9.2,10,1,1,1,2
2720,0,1.2,0,10,0,43,0.8,99,1,19,1840,1435,3935,10.6,10.1,14,1,1,0,2
2352,1,1.0,0,8,0,41,0.8,137,1,8,673,531,1073,7.2,12.5,18,0,0,1,0
1314,0,2.7,0,5,1,98,1.0,191,3,12,969,1039,3700,13.4,10.9,18,0,1,0,2
1672,0,2.1,1,3,1,78,0.6,136,6,11,844,1504,1552,18.8,10.3,5,1,0,0,0
579,0,1.3,1,11,1,121,0.4,198,6,10,944,886,3234,10.9,7.9,15,1,0,1,3
3433,0,2.4,1,2,0,106,0.7,176,4,11,1541,1751,946,17.7,8.7,20,1,1,1,1
3784,0,2.5,1,3,1,119,0.2,171,7,17,1593,1139,1855,5.0,8.0,8,0,0,1,3
702,1,2.0,1,2,0,43,0.9,131,5,11,1861,1998,1788,7.5,13.1,4,0,0,1,2
3311,1,2.2,1,1,0,48,0.2,116,2,15,1127,706,1411,5.5,5.8,2,1,1,1,2
1752,0,1.4,1,4,0,38,0.4,87,6,4,1091,1841,3158,9.9,3.1,13,1,1,1,3
2199,0,1.8,0,1,1,119,0.8,123,7,19,1026,1056,2203,18.6,10.8,16,0,1,0,0
1750,0,1.8,0,5,1,81,0.6,177,8,11,955,847,1039,6.5,5.4,12,1,1,1,0
2182,0,2.6,1,2,1,110,0.5,212,8,20,1792,1292,2622,14.1,13.7,11,1,0,0,0
2055,1,2.6,1,5,0,23,0.5,197,1,10,1310,733,3147,11.8,13.3,3,0,0,1,1
3973,0,2.6,1,10,0,58,0.9,148,8,8,687,1567,2228,19.1,3.9,5,0,0,1,1
2594,1,0.5,0,9,1,85,0.4,238,6,17,1520,1505,2132,6.8,4.3,18,0,0,1,2
1756,1,2.4,0,8,0,115,0.9,124,4,2,1210,1236,2924,8.2,8.9,18,0,0,1,3
3876,0,2.4,1,0,0,108,0.2,216,5,19,1028,1441,1040,5.4,10.3,9,0,0,1,3
2049,1,2.2,1,5,1,28,0.8,111,6,16,933,1665,3495,11.5,6.3,15,1,0,0,2
1666,1,2.4,0,8,1,42,0.9,112,4,13,787,675,652,9.2,11.6,5,0,0,0,0
3986,1,2.6,0,10,1,81,0.3,205,8,0,998,948,3507,18.0,10.1,7,0,1,0,1
1896,1,1.7,0,3,0,35,0.5,146,3,16,1964,1091,1337,14.1,6.9,20,0,0,1,3
3830,0,1.8,0,10,0,33,0.2,109,5,7,802,581,1759,14.2,3.3,5,0,0,1,2
3203,0,0.8,1,11,0,91,0.7,193,4,4,586,634,2289,13.0,12.0,4,0,0,1,0
970,1,1.5,0,1,0,90,0.6,108,7,4,1329,1355,1870,6.4,5.6,7,0,0,0,0
3518,0,2.1,0,12,0,67,0.7,210,6,8,937,1700,715,11.7,13.0,8,1,0,0,1
1535,0,2.5,1,3,1,13,0.3,109,3,2,1040,1906,2364,20.0,8.0,15,0,1,1,1
1853,0,1.0,0,0,0,41,0.3,216,7,18,1545,1766,2672,17.5,9.9,13,1,1,0,2
3283,0,0.8,0,2,0,74,0.1,233,4,8,1332,1664,3448,18.4,13.5,17,1,1,1,2
3331,0,2.2,0,9,0,77,0.4,209,4,17,1296,1980,3022,17.3,13.4,9,0,0,1,0
1467,1,0.5,1,8,1,91,0.6,141,8,15,1059,939,801,6.5,7.5,3,0,0,0,0
857,0,0.9,0,9,1,74,0.9,82,7,0,1261,1579,3909,8.4,5.5,14,1,0,0,3
3519,0,0.6,1,4,1,11,0.7,147,6,1,966,1196,3344,5.0,12.3,9,1,0,0,0
3979,0,0.9,1,10,0,97,0.5,104,5,13,1624,918,2799,9.6,8.2,17,1,1,0,2
1167,0,1.0,0,5,1,122,1.0,220,3,13,1174,587,752,6.6,5.3,5,0,1,1,1
872,1,1.5,0,2,1,99,0.7,123,8,0,1184,1155,760,12.1,13.9,17,1,0,1,2
1531,1,1.5,0,4,1,49,0.9,242,1,15,1664,1531,3859,15.2,5.4,7,0,0,0,3
1645,1,2.7,0,10,0,21,0.6,134,2,14,637,2000,3272,18.1,3.3,5,0,1,0,3
1871,1,1.8,1,7,1,40,0.3,216,5,14,1077,714,3642,16.2,3.2,17,1,1,0,1
3223,0,2.3,0,5,0,61,0.1,209,8,11,1209,1051,1348,19.1,10.5,14,0,1,0,2
589,1,0.8,0,3,0,67,0.8,120,3,15,727,1002,4054,5.8,10.9,6,0,1,1,3
3245,0,1.1,0,1,1,66,0.2,143,7,13,780,1198,2464,5.2,6.7,16,1,1,1,2
3887,0,2.3,1,8,0,52,0.4,110,4,14,1183,744,1893,14.9,6.8,9,1,1,1,3
3749,0,0.6,0,12,1,125,0.6,126,7,14,1327,808,973,9.3,7.1,8,0,1,1,1
1039,0,1.7,0,11,0,37,0.6,209,8,18,930,730,3472,8.8,11.2,15,1,0,1,3
3279,0,2.0,1,0,1,25,0.6,175,3,7,1563,1906,1848,10.0,3.7,8,0,0,1,2
1368,1,2.0,1,0,1,119,0.2,156,7,1,1734,654,3922,9.0,14.1,8,1,1,1,2
540,1,0.6,0,12,1,28,0.4,189,7,1,801,1698,3296,12.7,5.7,19,1,0,0,3
1239,1,1.3,0,3,0,3,0.7,148,2,9,1609,1347,1664,11.6,15.0,11,1,1,1,0
2446,1,2.1,0,6,1,32,1.0,137,6,2,1920,614,524,12.7,5.1,19,1,0,0,1
3049,0,0.9,0,0,0,58,0.8,185,8,16,1776,1913,2202,15.1,12.3,15,0,1,0,1
3506,1,2.2,0,8,1,79,0.9,123,2,7,1032,810,1733,10.8,5.7,11,1,0,0,3
3716,0,2.4,1,3,0,67,0.8,153,8,3,1268,1492,3002,8.8,4.0,8,0,1,1,3
1724,1,3.0,1,2,0,30,0.6,135,1,13,1904,799,1797,7.5,13.5,8,0,0,1,0
1428,0,1.0,0,0,1,16,0.3,250,1,20,943,1541,1120,10.2,13.3,8,1,0,1,1
2536,0,2.6,0,9,1,13,0.7,206,2,9,1556,1283,2653,16.1,7.8,6,1,1,1,0
3008,1,1.8,1,3,1,102,0.7,241,5,0,759,511,365,16.4,11.4,2,1,1,0,1
3279,0,1.4,0,8,1,29,0.6,109,5,3,1757,1927,3810,15.0,9.7,15,1,1,1,3
3299,0,0.8,0,12,1,85,0.5,150,7,0,1831,731,2710,8.5,13.2,19,1,0,0,1
1424,1,2.3,0,9,0,126,0.6,197,7,16,1238,1454,905,13.8,6.8,14,0,0,1,1
3456,0,1.1,0,5,1,104,0.4,134,4,16,1295,1229,2354,13.6,9.3,9,1,0,1,1
2081,1,1.4,0,5,1,25,0.6,146,1,6,569,1801,3730,12.3,8.8,9,0,0,0,0
3824,1,0.7,1,0,0,22,0.3,220,8,19,1977,1876,3890,13.2,7.2,11,0,1,0,0
889,1,2.5,0,9,1,11,0.8,82,4,14,1962,1517,1755,12.4,13.7,18,0,1,0,1
2117,0,2.4,0,1,1,111,0.3,105,1,12,1887,1498,1366,13.5,5.0,7,0,0,1,2
3430,0,2.3,0,10,0,79,0.2,136,2,1,1482,802,3395,15.7,4.8,16,1,1,1,0
755,0,1.2,1,5,1,102,0.5,205,5,18,980,1040,851,6.6,9.9,16,1,1,0,3
1208,1,0.9,1,1,1,19,0.7,231,7,12,1667,969,1234,16.2,10.9,17,0,1,1,3
2338,0,2.1,1,2,1,89,0.5,132,5,10,523,1312,3369,7.0,5.3,9,0,1,0,1
2444,1,1.7,1,3,0,15,0.3,122,2,14,1464,576,986,6.0,7.7,20,1,0,1,3
2997,1,0.9,0,10,1,35,0.6,128,4,9,1948,1519,312,19.6,14.4,16,0,1,0,0
509,0,2.2,1,4,0,59,0.4,121,4,8,1245,523,3041,19.4,6.0,4,1,1,0,2
3371,1,3.0,0,8,1,77,0.9,90,3,8,1344,1538,2499,5.9,11.0,7,0,1,1,2
1297,0,2.4,0,11,0,23,0.9,182,7,19,1698,1175,2039,11.6,11.9,9,1,0,0,2
3813,0,2.3,1,3,1,121,0.6,177,7,0,824,1024,1957,7.8,8.4,17,0,1,1,3
3822,0,2.9,1,12,0,71,0.4,225,8,16,1871,846,3389,12.3,14.3,16,0,0,1,1
1376,0,1.0,1,10,0,37,0.8,164,7,11,1297,671,1542,17.5,11.8,14,0,0,0,3
1528,0,1.9,1,8,0,46,0.1,179,1,9,517,1850,367,19.3,8.5,16,1,1,0,1
3690,1,2.9,1,10,0,37,0.5,183,4,4,543,1211,3068,14.5,9.8,19,1,1,1,2
1515,1,0.9,0,9,0,23,0.4,125,2,17,654,988,966,10.3,11.3,14,1,0,1,0
2324,1,2.3,1,2,0,79,0.9,123,4,14,1366,1985,1457,14.0,10.1,9,0,0,0,3
873,0,2.0,1,7,1,128,0.1,101,5,5,1421,877,1203,9.7,13.5,15,0,0,0,0
3636,0,2.0,1,11,1,81,0.6,193,1,6,1900,1687,281,18.6,7.3,12,0,0,0,2
2693,0,2.2,0,0,0,62,0.8,204,7,16,1242,871,2713,18.1,6.6,7,0,1,1,1
723,1,2.8,1,10,0,101,0.5,203,8,5,1925,1499,1013,13.4,5.6,2,0,0,1,0
1762,0,2.5,0,8,0,57,0.2,109,8,7,724,1476,2834,9.9,3.5,3,0,1,1,3
2724,1,0.6,1,8,0,90,1.0,87,8,11,716,1947,2056,9.4,3.5,14,1,1,0,0
2302,1,2.6,1,9,1,97,0.6,177,6,20,530,1256,3644,5.5,13.4,2,1,0,0,0
1352,0,1.1,0,1,0,34,0.7,136,3,13,1582,976,1811,17.2,11.1,5,1,1,1,3
3853,0,1.4,1,3,1,46,0.3,190,1,11,1397,881,3433,11.8,10.9,3,0,0,1,1
562,1,1.7,0,12,1,37,0.5,152,5,9,1876,654,3052,9.9,10.4,17,1,0,0,3
1740,0,1.7,0,7,0,21,0.5,194,7,19,1434,756,2097,12.1,13.2,4,0,0,1,2
3374,1,1.6,0,6,0,19,0.2,99,5,14,944,1173,3791,17.3,8.8,18,0,1,0,1
3342,0,2.8,1,0,1,39,0.2,104,5,6,1758,567,2549,6.9,13.4,6,1,1,0,0
1188,0,2.3,1,4,1,68,0.9,98,7,8,1630,843,1360,17.9,7.3,9,0,0,0,3
1984,1,2.1,1,6,0,24,0.3,84,5,9,1714,1800,917,18.5,14.1,13,0,1,1,2
2133,0,0.6,0,3,0,97,0.3,154,8,9,1029,1172,1164,19.2,11.4,13,0,1,1,3
2652,1,2.8,1,0,0,110,0.6,207,2,15,1237,890,2699,11.0,6.1,2,0,1,0,1
3670,0,2.8,0,8,1,124,0.8,151,3,6,1373,1972,777,8.3,9.8,2,0,1,0,2
1010,1,2.5,1,4,1,17,0.2,234,6,4,1065,758,2112,10.6,9.4,16,1,1,1,0
884,1,0.5,0,10,0,60,0.6,119,5,2,1768,806,2015,10.0,4.7,18,1,0,0,1
904,0,0.6,0,1,1,70,0.2,105,5,17,575,1618,3229,7.6,10.1,3,0,1,1,2
3370,1,1.1,0,7,1,69,0.1,106,4,10,1046,1449,2567,14.1,6.8,18,0,1,1,1
1017,0,0.8,1,10,0,22,0.1,162,3,14,766,1987,3988,12.1,3.6,10,1,0,1,0
975,0,1.5,0,12,0,105,0.9,207,1,20,816,1469,1045,18.0,14.4,13,1,1,0,2
2500,0,2.8,0,1,1,116,0.2,249,3,19,1644,745,1553,5.5,10.7,5,1,1,0,3
3256,1,1.7,0,2,1,79,0.1,236,3,4,524,1232,1985,14.7,13.5,14,0,1,0,3
2168,1,0.5,0,9,0,104,0.5,246,7,11,1955,686,427,16.4,11.1,5,1,0,0,0
2393,0,1.2,0,0,0,96,0.9,248,7,3,659,1424,520,16.4,7.3,8,1,1,1,2
3318,0,0.6,0,10,0,79,0.3,112,7,14,1095,1284,2242,18.3,9.2,15,0,1,0,0
1960,1,0.6,1,1,0,71,0.5,176,6,8,1637,1896,1305,15.9,11.1,10,0,0,1,0
3594,0,1.2,1,6,0,13,0.1,190,8,6,1399,1929,1748,18.9,14.5,2,1,0,0,1
3544,0,1.2,0,9,1,17,0.5,95,3,9,1001,907,2141,10.0,6.0,2,0,1,0,3
3224,1,2.5,1,1,1,82,0.6,102,6,12,1689,1648,731,12.5,13.5,5,1,0,0,0
1213,0,2.9,1,5,1,110,0.6,214,5,7,1512,1860,2659,5.2,14.1,2,1,0,0,1
582,1,1.4,0,2,1,88,0.4,105,7,11,1202,840,1305,5.1,11.0,11,0,0,0,0
1668,0,1.6,0,3,0,15,0.4,175,5,18,1698,1062,289,8.6,14.2,3,0,1,1,0
3656,1,2.6,0,10,0,62,0.2,91,7,0,500,1701,2567,6.5,7.8,16,1,1,0,0
3649,0,1.2,1,12,0,72,0.4,151,2,15,1240,1150,1417,8.9,14.4,4,0,0,0,3
3004,0,0.9,0,7,1,47,0.2,212,6,16,1609,1451,1071,7.7,11.4,10,0,0,0,2
2401,1,2.6,1,2,1,33,0.8,185,6,17,819,1693,4022,5.4,3.5,18,0,0,0,3
2548,0,0.6,0,9,1,16,1.0,196,8,10,1924,1562,3178,18.6,13.9,14,0,0,0,1
550,1,2.0,1,5,0,45,1.0,105,1,17,881,568,1009,5.1,8.8,4,0,1,1,2
1184,0,1.9,0,0,1,18,0.9,212,4,6,1841,1759,821,16.0,8.5,5,0,0,0,1
1216,1,1.4,0,6,0,42,0.6,101,3,17,1773,880,717,7.3,9.8,5,0,1,1,0
1969,1,1.3,1,7,0,55,0.7,92,1,7,1397,556,3495,18.7,4.8,12,1,0,0,2
948,1,2.4,1,10,0,112,0.4,235,6,5,1216,1800,1910,18.4,8.6,8,0,1,1,1
1380,1,0.7,1,7,0,45,0.7,240,1,6,1779,1349,2958,14.8,13.0,12,1,1,0,0
987,0,1.1,1,2,0,99,0.5,186,2,9,806,1622,336,15.1,3.2,12,0,0,0,1
2323,0,2.3,1,9,0,6,0.5,102,4,10,1667,1415,3060,5.1,6.3,11,1,1,1,1
2581,1,1.9,1,0,1,110,0.8,176,8,12,890,824,2193,19.8,3.0,6,0,1,0,3
3919,1,0.8,0,8,0,28,0.4,97,6,8,1692,960,1125,18.2,8.0,14,1,1,1,0
2642,1,2.7,1,12,0,117,0.4,196,6,6,1489,678,1686,18.4,11.7,13,0,0,0,3
3643,0,1.5,0,5,1,88,0.9,109,3,8,797,1343,3901,14.9,12.6,11,1,1,1,2
2074,0,2.6,0,10,0,105,0.2,105,8,12,732,1073,1325,10.2,14.3,8,0,1,1,0
2701,0,2.5,1,8,1,124,0.5,223,8,2,770,618,854,18.4,10.3,20,0,0,1,3
749,0,2.1,0,6,1,79,0.9,118,7,2,1583,1992,1890,9.4,6.1,20,1,0,0,3
1173,1,1.7,1,0,1,80,0.6,240,4,0,1819,1048,1062,13.4,14.1,20,1,1,1,2
937,1,2.9,1,11,0,44,0.6,233,2,20,1990,1145,2190,6.5,12.3,13,0,1,0,1
2665,1,0.9,0,11,0,98,0.3,245,5,19,1758,1978,1332,18.8,9.9,16,1,0,1,1
1270,0,2.3,0,0,1,118,0.4,209,1,1,1176,525,3287,7.1,11.3,6,1,0,1,1
3877,0,1.0,1,5,0,32,0.9,192,8,2,1205,1531,959,8.4,14.1,15,0,1,1,2
767,0,1.3,1,4,0,100,0.6,213,3,14,733,1468,2779,13.4,11.5,13,1,1,0,3
2484,1,1.3,0,8,1,18,0.6,125,6,5,1891,1032,2895,16.5,7.4,12,0,0,0,0
1577,1,2.9,0,1,1,93,0.2,129,5,12,1344,648,2319,14.3,11.6,6,1,0,0,2
735,0,2.9,0,7,0,84,0.1,245,2,20,1755,1548,3687,8.5,3.5,17,0,1,1,1
888,1,1.0,0,10,1,111,1.0,185,4,0,990,1154,742,5.0,7.6,19,1,1,0,1
3537,0,0.6,1,4,1,55,0.4,225,8,19,1002,1444,961,16.4,7.9,13,0,0,0,0
1262,0,2.3,1,1,1,63,0.6,234,1,18,1389,1054,1781,19.8,5.0,6,0,1,1,2
2348,1,1.5,1,12,0,88,0.2,248,8,0,1091,924,1420,17.1,3.3,17,1,1,1,1
2948,0,0.7,1,9,0,33,0.7,151,3,20,1245,792,875,11.9,4.6,13,1,1,0,2
1123,1,2.2,0,10,0,41,0.9,153,8,1,1904,1708,3322,18.6,10.9,3,0,1,0,3
3314,0,1.9,0,10,1,14,0.6,96,8,14,927,1053,1032,11.1,12.6,7,0,0,0,2
3874,1,3.0,1,11,0,124,0.2,236,8,13,1196,930,702,12.9,14.9,5,1,0,1,3
3466,1,1.1,1,5,1,85,0.6,149,6,18,1145,1103,2593,12.2,7.2,14,1,1,1,0
3778,1,1.5,1,9,0,36,0.8,229,6,10,1231,816,464,11.7,10.2,11,1,1,1,3
1752,0,1.9,1,7,0,6,0.5,85,5,14,1299,897,1754,16.6,14.2,18,1,1,1,3
3400,0,2.5,1,3,1,74,0.9,105,5,5,863,1847,2716,12.9,5.0,15,1,1,1,0
1077,1,1.9,1,1,0,30,0.7,246,1,19,701,1095,2980,9.8,11.6,16,1,0,0,1
2622,1,2.0,1,11,1,71,0.9,219,4,8,1381,1045,1706,8.9,12.1,9,0,1,0,0
934,0,1.1,1,10,0,128,0.7,178,2,4,645,575,2133,5.6,4.1,19,1,1,0,2
2650,0,2.6,1,4,0,26,0.2,221,7,19,1335,1364,3698,13.7,13.3,4,1,0,1,0
3993,0,1.6,0,11,1,96,0.4,101,4,1,1138,1415,2967,8.4,12.8,18,1,0,1,2
1263,1,0.9,1,1,1,23,0.3,130,4,5,1980,1208,2593,7.2,3.4,8,1,1,0,1
3285,0,2.2,0,1,1,67,0.9,230,4,17,634,985,3759,14.8,4.1,14,0,0,0,2
3353,0,1.0,0,5,0,46,0.8,183,7,18,1125,1611,1547,15.2,3.6,17,0,0,0,0
1829,1,0.7,1,10,0,70,0.7,168,1,8,1787,1246,2454,16.3,7.0,6,0,1,1,0
2645,0,2.7,1,9,0,125,0.4,220,7,20,563,1755,1998,12.6,9.1,5,0,1,1,1
3345,0,1.7,0,8,1,92,0.3,217,1,5,990,1530,1534,18.4,9.4,11,1,0,1,0
1858,0,2.4,0,12,1,90,0.8,88,7,13,540,1049,3680,19.0,6.2,14,0,1,1,1
3406,1,1.2,1,3,1,73,0.5,158,2,12,1819,1475,1656,17.1,13.9,11,1,0,1,1
2982,1,2.5,0,5,0,120,0.3,131,8,10,1526,1575,1932,14.5,7.4,15,1,0,0,0
946,1,0.8,1,6,0,2,0.7,209,4,11,1412,1441,1110,9.6,3.5,13,0,0,0,3
2517,1,1.4,1,12,1,85,0.1,232,8,18,1474,1418,1637,19.7,6.6,2,0,1,1,2
1831,1,2.9,1,10,0,45,0.4,92,1,18,1633,1919,2911,9.1,9.4,8,1,1,1,3
748,1,2.5,0,5,1,88,0.5,130,7,20,1744,1744,2673,8.0,7.9,10,0,0,0,1
665,1,1.7,0,7,0,97,0.2,113,2,18,1893,1951,3554,11.6,6.3,9,0,0,1,2
3531,0,1.3,1,3,0,76,1.0,114,7,12,867,1666,960,5.9,4.6,14,1,1,1,3
1858,0,2.7,0,11,1,40,0.3,210,8,13,1959,862,3630,19.7,12.8,15,1,0,0,0
1519,1,1.9,0,0,0,112,0.2,199,6,17,1417,881,1081,13.8,15.0,13,1,0,1,3
1041,0,2.4,0,6,0,55,0.3,149,2,11,1527,1800,1260,13.4,7.0,9,1,1,1,2
1258,0,2.4,0,2,1,89,0.8,226,4,3,743,770,3716,14.8,7.6,19,1,1,0,2
3677,1,0.5,0,5,1,76,0.5,146,3,9,1401,1537,632,12.5,10.4,17,0,1,1,2
2628,0,0.8,0,1,0,30,0.6,182,4,16,665,797,1228,5.5,11.6,12,1,1,1,2
2680,0,2.1,0,8,1,55,0.1,152,3,3,1549,1503,373,14.2,7.7,17,1,0,0,3
1296,0,0.9,1,0,0,91,0.1,195,2,11,1918,1987,3332,15.7,13.9,15,1,1,0,0
3447,0,1.1,0,5,1,17,0.5,212,6,12,1997,733,699,11.3,9.7,4,0,1,1,0
